Metric,101,102,103,104,105,106,107,108,109,110,111,112,113,114,116,118,119,120,121,122,123,124,125,126,127,128,129,130,131,132,133,134,135,136,137,138,139,140,141,142,143,144,145,146,147
Klimt_presence,83.23,67.7,6.8,88.55,78.77,22.53,83.5,86.2,80.27,92.22,93.68,83.6,17.23,14.85,25.12,14.93,19.07,78.88,16.95,89.52,13.42,7.05,96.67,79.78,87.82,81.02,76.42,19.03,87.28,81.05,104.17,87.82,80.63,95.98,51.15,64.3,91.28,86.47,93.58,77.5,8.63,86.47,81.88,90.75,82.3
Klimt_presence_audio,95.67,77.82,7.82,101.78,90.54,25.9,95.98,99.08,92.26,106.0,107.68,96.09,19.8,17.07,28.87,17.16,21.92,90.67,19.48,102.9,15.43,8.1,111.11,91.7,100.94,93.13,87.84,21.87,100.32,93.16,119.74,100.94,92.68,110.32,58.79,73.91,104.92,99.39,107.56,89.08,9.92,99.39,94.11,104.31,94.6
Klimt_gaze,73.47,47.35,2.3,77.47,41.92,15.28,73.45,75.47,56.98,76.15,86.95,68.02,9.1,9.25,8.7,10.13,14.1,72.28,9.22,66.13,9.52,4.27,83.43,73.35,80.65,71.82,63.78,11.95,74.18,74.2,70.82,76.58,64.75,78.0,34.43,53.55,70.43,78.95,73.55,69.9,0.0,78.95,64.52,68.07,62.57
Klimt_gaze_percent,88.27,69.94,33.82,87.49,53.22,67.82,87.96,87.55,70.99,82.57,92.82,81.36,52.81,62.29,34.63,67.85,73.94,91.63,54.4,73.87,70.94,60.57,86.3,91.94,91.84,88.64,83.46,62.8,84.99,91.55,67.99,87.2,80.31,81.27,67.31,83.28,77.16,91.3,78.6,90.19,0.0,91.3,78.8,75.01,76.03
Klimt_saccade_rate,0.61,0.91,7.83,0.13,2.17,1.57,0.5,0.33,1.35,0.71,0.28,1.25,0.88,2.05,5.52,2.07,0.99,0.47,2.06,0.42,1.05,0.47,1.32,0.01,0.32,0.49,0.44,1.76,0.75,0.28,0.99,0.85,0.88,0.99,1.34,0.8,1.41,0.85,0.99,0.63,0.0,0.85,0.42,1.1,2.21
Klimt_engagement,Moderate Engagement,Moderate Engagement,Low Engagement,High Engagement,Low Engagement,Low Engagement,High Engagement,High Engagement,Moderate Engagement,Moderate Engagement,High Engagement,Moderate Engagement,Moderate Engagement,Low Engagement,Low Engagement,Low Engagement,Moderate Engagement,High Engagement,Low Engagement,High Engagement,Moderate Engagement,High Engagement,Moderate Engagement,High Engagement,High Engagement,High Engagement,High Engagement,Low Engagement,Moderate Engagement,High Engagement,Moderate Engagement,Moderate Engagement,Moderate Engagement,Moderate Engagement,Moderate Engagement,Moderate Engagement,Moderate Engagement,Moderate Engagement,Moderate Engagement,Moderate Engagement,High Engagement,Moderate Engagement,High Engagement,Moderate Engagement,Low Engagement
Klimt_valence,26.04,1.16,-14.33,11.0,0.22,-14.16,10.93,16.16,7.46,12.56,-6.17,18.6,26.98,6.25,20.4,4.62,42.86,-20.22,-4.96,-0.41,31.98,-15.48,34.91,14.82,-6.34,-18.92,7.27,0.0,7.02,-7.58,-8.85,27.78,-34.48,4.41,0.0,-8.39,-4.9,14.7,24.18,18.34,7.86,14.7,-3.09,0.12,34.6
Klimt_emotions,"surprise,surprise,surprise,surprise,surprise,surprise,neutral,surprise,surprise,surprise,surprise,neutral,neutral,surprise,surprise,surprise,neutral,neutral,neutral,neutral,surprise,neutral,neutral,neutral,neutral,surprise,surprise,neutral,surprise,neutral,anger,neutral,neutral,neutral,neutral,neutral,neutral,neutral,neutral,neutral,anger,surprise","sadness,neutral,neutral,neutral,neutral,neutral,surprise,surprise,surprise,surprise,surprise,neutral,anger,anger,neutral,anger,neutral,neutral,anger,neutral,neutral,surprise,anger,anger,anger,surprise,neutral,neutral,neutral,neutral,neutral,neutral,neutral,surprise","neutral,neutral,neutral,neutral","surprise,neutral,neutral,neutral,neutral,neutral,neutral,neutral,neutral,neutral,surprise,surprise,neutral,surprise,neutral,neutral,neutral,neutral,neutral,surprise,surprise,anger,neutral,neutral,neutral,neutral,neutral,neutral,neutral,neutral,neutral,neutral,neutral,neutral,neutral,neutral,surprise,neutral,neutral,anger,neutral,neutral,neutral,neutral,surprise","neutral,surprise,neutral,surprise,neutral,neutral,surprise,surprise,surprise,neutral,neutral,surprise,neutral,neutral,neutral,neutral,neutral,surprise,neutral,neutral,neutral,anger,neutral,surprise,anger,neutral,neutral,neutral,surprise,neutral,neutral,neutral,neutral,neutral,neutral,neutral,neutral,surprise,surprise,neutral","neutral,neutral,neutral,neutral,neutral,neutral,neutral,neutral,neutral,neutral,neutral,neutral","joy,joy,neutral,surprise,surprise,surprise,surprise,joy,surprise,surprise,surprise,surprise,surprise,neutral,surprise,joy,sadness,surprise,surprise,neutral,surprise,neutral,anger,neutral,neutral,joy,surprise,surprise,surprise,neutral,neutral,neutral,surprise,surprise,surprise,surprise,surprise,neutral,anger,neutral,joy,neutral","joy,joy,joy,joy,joy,joy,joy,joy,joy,joy,joy,joy,joy,joy,joy,joy,joy,joy,joy,joy,joy,joy,joy,joy,joy,joy,joy,joy,joy,joy,joy,joy,joy,joy,joy,joy,joy,joy,joy,joy,joy,joy,joy,joy","neutral,surprise,surprise,surprise,surprise,surprise,surprise,neutral,surprise,surprise,surprise,neutral,surprise,neutral,neutral,surprise,surprise,surprise,neutral,surprise,neutral,neutral,neutral,neutral,neutral,neutral,neutral,neutral,neutral,neutral,neutral,neutral,surprise,neutral,neutral,neutral,neutral,neutral,neutral,surprise,neutral","joy,joy,joy,joy,joy,joy,joy,joy,joy,joy,joy,joy,joy,joy,joy,joy,joy,joy,joy,joy,joy,joy,joy,joy,joy,joy,joy,joy,joy,joy,joy,joy,joy,joy,joy,joy,joy,joy,joy,joy,joy,neutral,joy,joy,joy,joy,joy","neutral,joy,joy,anger,neutral,neutral,neutral,neutral,neutral,neutral,neutral,anger,neutral,neutral,neutral,neutral,neutral,neutral,neutral,neutral,neutral,neutral,neutral,neutral,neutral,neutral,neutral,neutral,neutral,neutral,neutral,neutral,neutral,neutral,neutral,neutral,neutral,neutral,neutral,neutral,neutral,neutral,anger,anger,anger,anger,neutral","neutral,anger,anger,neutral,surprise,neutral,surprise,neutral,neutral,neutral,neutral,neutral,surprise,neutral,neutral,neutral,neutral,surprise,neutral,neutral,neutral,neutral,neutral,neutral,neutral,neutral,neutral,neutral,surprise,neutral,neutral,neutral,neutral,anger,neutral,neutral,neutral,neutral,neutral,neutral,joy,anger","neutral,neutral,surprise,neutral,neutral,neutral,neutral,neutral,neutral","neutral,neutral,neutral,neutral,neutral,neutral,neutral,neutral","joy,joy,joy,joy,joy,joy,joy,joy,neutral,joy,neutral,anger","neutral,sadness,neutral,surprise,surprise,neutral,neutral,neutral","joy,joy,joy,joy,surprise,neutral,neutral,neutral,neutral,neutral","neutral,neutral,neutral,neutral,neutral,neutral,neutral,neutral,neutral,neutral,neutral,neutral,neutral,neutral,neutral,neutral,neutral,neutral,neutral,neutral,neutral,neutral,neutral,neutral,neutral,neutral,neutral,neutral,neutral,neutral,neutral,neutral,neutral,neutral,neutral,neutral,neutral,neutral,neutral,joy","neutral,surprise,neutral,neutral,neutral,neutral,neutral,anger,joy","surprise,neutral,surprise,surprise,neutral,neutral,neutral,neutral,neutral,neutral,neutral,surprise,neutral,neutral,neutral,neutral,neutral,anger,anger,surprise,surprise,neutral,neutral,anger,neutral,neutral,anger,anger,neutral,neutral,surprise,neutral,neutral,neutral,neutral,neutral,neutral,neutral,neutral,anger,neutral,surprise,surprise,neutral,surprise","joy,joy,neutral,anger,anger,joy,joy","joy,joy,neutral,neutral","joy,joy,joy,joy,joy,joy,joy,joy,joy,joy,joy,joy,joy,joy,neutral,neutral,neutral,neutral,neutral,neutral,neutral,neutral,neutral,neutral,neutral,neutral,neutral,neutral,neutral,neutral,neutral,neutral,neutral,neutral,neutral,neutral,neutral,neutral,neutral,neutral,neutral,neutral,neutral,neutral,neutral,neutral,neutral,neutral,neutral","neutral,neutral,surprise,surprise,surprise,surprise,surprise,surprise,surprise,surprise,surprise,surprise,surprise,surprise,surprise,surprise,surprise,surprise,surprise,surprise,neutral,neutral,neutral,surprise,surprise,surprise,surprise,surprise,surprise,surprise,surprise,surprise,surprise,neutral,surprise,surprise,surprise,surprise,surprise,sadness","neutral,neutral,neutral,neutral,neutral,neutral,neutral,neutral,neutral,neutral,neutral,neutral,neutral,neutral,neutral,anger,neutral,neutral,neutral,neutral,neutral,neutral,neutral,neutral,neutral,neutral,neutral,neutral,neutral,neutral,neutral,neutral,neutral,neutral,neutral,neutral,neutral,neutral,neutral,neutral,neutral,neutral,neutral,neutral","neutral,neutral,neutral,neutral,neutral,neutral,neutral,neutral,neutral,anger,neutral,anger,neutral,neutral,neutral,anger,anger,neutral,neutral,neutral,neutral,neutral,neutral,sadness,anger,anger,neutral,neutral,neutral,anger,anger,neutral,neutral,neutral,neutral,neutral,neutral,neutral,neutral,neutral,neutral","neutral,neutral,surprise,neutral,neutral,neutral,surprise,neutral,surprise,surprise,surprise,neutral,surprise,surprise,neutral,surprise,surprise,neutral,surprise,surprise,neutral,neutral,neutral,surprise,surprise,neutral,neutral,surprise,neutral,surprise,surprise,neutral,neutral,neutral,surprise,neutral,neutral,neutral,neutral","neutral,neutral,neutral,neutral,neutral,neutral,neutral,neutral,neutral,neutral","neutral,neutral,surprise,neutral,neutral,neutral,neutral,neutral,surprise,neutral,surprise,surprise,surprise,neutral,neutral,neutral,surprise,neutral,neutral,neutral,neutral,neutral,neutral,surprise,surprise,neutral,neutral,neutral,neutral,neutral,neutral,neutral,neutral,neutral,neutral,surprise,neutral,neutral,neutral,neutral,neutral,neutral,joy,surprise","neutral,neutral,neutral,neutral,neutral,neutral,neutral,anger,anger,neutral,neutral,neutral,neutral,neutral,neutral,neutral,neutral,neutral,neutral,neutral,neutral,neutral,neutral,neutral,neutral,neutral,neutral,neutral,neutral,neutral,neutral,neutral,neutral,neutral,neutral,neutral,neutral,neutral,neutral,neutral,neutral","neutral,neutral,neutral,neutral,joy,neutral,neutral,neutral,neutral,neutral,neutral,neutral,neutral,neutral,neutral,neutral,neutral,neutral,neutral,neutral,neutral,neutral,neutral,neutral,neutral,neutral,neutral,neutral,neutral,neutral,neutral,neutral,neutral,neutral,anger,anger,anger,anger,anger,neutral,neutral,neutral,neutral,neutral,neutral,neutral,neutral,surprise,neutral,surprise,joy,surprise,neutral","surprise,surprise,surprise,surprise,neutral,surprise,surprise,surprise,surprise,surprise,surprise,surprise,surprise,surprise,surprise,surprise,surprise,surprise,surprise,surprise,surprise,surprise,surprise,neutral,surprise,neutral,surprise,surprise,surprise,surprise,surprise,surprise,surprise,surprise,surprise,surprise,surprise,surprise,surprise,surprise,surprise,surprise,surprise,surprise","neutral,surprise,neutral,neutral,neutral,neutral,neutral,neutral,neutral,neutral,anger,neutral,anger,neutral,anger,anger,anger,anger,anger,anger,anger,anger,anger,anger,anger,anger,neutral,neutral,anger,neutral,neutral,anger,anger,neutral,anger,neutral,anger,neutral,neutral,neutral,neutral","joy,surprise,joy,joy,surprise,joy,joy,surprise,joy,joy,joy,joy,surprise,joy,joy,joy,joy,joy,surprise,joy,joy,joy,joy,joy,joy,joy,joy,joy,joy,surprise,joy,joy,joy,joy,surprise,surprise,neutral,joy,neutral,joy,joy,joy,joy,joy,joy,joy,surprise,joy","neutral,neutral,neutral,neutral,neutral,anger,neutral,neutral,neutral,neutral,neutral,neutral,neutral,neutral,neutral,neutral,neutral,neutral,neutral,neutral,neutral,neutral,neutral,neutral,neutral,neutral","neutral,neutral,neutral,surprise,surprise,neutral,neutral,neutral,neutral,neutral,neutral,neutral,neutral,neutral,neutral,neutral,neutral,anger,anger,neutral,neutral,anger,neutral,neutral,anger,neutral,neutral,neutral,anger,anger,neutral,neutral,anger","surprise,surprise,surprise,neutral,surprise,neutral,neutral,anger,neutral,neutral,anger,anger,anger,neutral,neutral,surprise,surprise,anger,anger,neutral,surprise,neutral,neutral,surprise,surprise,surprise,anger,neutral,neutral,anger,anger,neutral,surprise,neutral,anger,anger,surprise,neutral,anger,surprise,surprise,anger,sadness,surprise,neutral,neutral","joy,joy,joy,surprise,surprise,surprise,joy,anger,surprise,surprise,surprise,surprise,surprise,anger,anger,joy,anger,anger,surprise,surprise,surprise,neutral,surprise,surprise,neutral,neutral,neutral,surprise,surprise,neutral,neutral,neutral,surprise,surprise,neutral,anger,surprise,surprise,neutral,neutral,sadness,surprise,surprise,neutral","surprise,surprise,joy,joy,surprise,surprise,joy,joy,joy,surprise,surprise,joy,surprise,surprise,surprise,joy,surprise,surprise,neutral,surprise,surprise,joy,joy,surprise,surprise,surprise,surprise,anger,neutral,surprise,surprise,surprise,surprise,joy,joy,joy,joy,surprise,surprise,anger,joy,neutral,anger,joy,surprise,surprise,surprise","joy,joy,surprise,surprise,surprise,neutral,neutral,anger,surprise,surprise,surprise,surprise,surprise,neutral,surprise,surprise,surprise,surprise,surprise,neutral,surprise,neutral,surprise,surprise,neutral,surprise,neutral,neutral,surprise,surprise,neutral,neutral,surprise,surprise,surprise,surprise,surprise,neutral,neutral",,"joy,joy,joy,surprise,surprise,surprise,joy,anger,surprise,surprise,surprise,surprise,surprise,anger,anger,joy,anger,anger,surprise,surprise,surprise,neutral,surprise,surprise,neutral,neutral,neutral,surprise,surprise,neutral,neutral,neutral,surprise,surprise,neutral,anger,surprise,surprise,neutral,neutral,sadness,surprise,surprise,neutral","joy,joy,joy,joy,neutral,joy,neutral,neutral,joy,neutral,neutral,neutral,neutral,joy,joy,neutral,neutral,joy,joy,joy,neutral,neutral,joy,neutral,neutral,anger,neutral,neutral,neutral,anger,anger,joy,neutral,neutral,neutral,neutral,joy,joy,joy,joy,joy","neutral,neutral,neutral,neutral,neutral,neutral,neutral,surprise,surprise,surprise,neutral,neutral,neutral,neutral,neutral,neutral,neutral,neutral,neutral,neutral,neutral,neutral,neutral,neutral,surprise,surprise,surprise,anger,neutral,neutral,neutral,neutral,neutral,anger,neutral,neutral,neutral,neutral,neutral,neutral,neutral,neutral,neutral,neutral,surprise,surprise","neutral,neutral,neutral,neutral,anger,neutral,anger,neutral,neutral,neutral,neutral,neutral,surprise,neutral,neutral,neutral,neutral,anger,anger,neutral,neutral,neutral,anger,anger,neutral,neutral,neutral,surprise,neutral,surprise,surprise,surprise,neutral,neutral,neutral,neutral,neutral,neutral,neutral,neutral,neutral,neutral"
van Dongen_presence,93.87,37.97,61.95,79.22,74.68,11.62,75.98,80.5,71.33,79.2,80.28,76.93,75.05,77.77,40.18,80.05,65.43,74.7,87.43,74.53,82.82,75.23,76.0,72.78,77.93,80.03,71.82,12.83,45.53,78.7,58.27,78.27,77.15,111.13,81.7,73.72,78.43,78.07,81.55,71.0,0.0,78.07,75.2,80.28,76.42
van Dongen_presence_audio,115.89,46.88,76.48,97.8,92.2,14.35,93.8,99.38,88.06,97.78,99.11,94.98,92.65,96.01,49.6,98.83,80.78,92.22,107.94,92.01,102.25,92.88,93.83,89.85,96.21,98.8,88.67,15.84,56.21,97.16,71.94,96.63,95.25,137.2,100.86,91.01,96.83,96.38,100.68,87.65,0.0,96.38,92.84,99.11,94.35
van Dongen_gaze,65.67,20.33,49.45,62.4,21.05,7.23,66.53,48.98,34.02,49.9,73.2,47.97,52.22,42.8,14.38,66.55,48.88,57.65,23.55,57.3,50.18,52.13,68.83,67.75,70.35,60.93,60.32,4.08,10.8,64.18,29.28,69.75,65.53,76.17,72.15,56.72,48.62,55.57,51.88,65.02,0.0,55.57,61.03,44.77,55.33
van Dongen_gaze_percent,69.96,53.54,79.82,78.77,28.19,62.22,87.56,60.84,47.69,63.01,91.18,62.36,69.58,55.03,35.79,83.14,74.71,77.18,26.94,76.88,60.59,69.29,90.57,93.09,90.27,76.13,83.99,31.8,23.72,81.55,50.25,89.11,84.94,68.54,88.31,76.94,61.99,71.18,63.62,91.58,0.0,71.18,81.16,55.77,72.4
van Dongen_saccade_rate,0.73,1.87,0.26,0.22,2.85,1.66,0.84,0.86,1.12,0.2,0.16,0.54,0.57,0.7,3.27,0.75,0.2,0.69,1.49,0.31,1.49,0.36,0.48,0.4,0.63,0.92,0.93,5.88,3.7,0.92,1.71,0.76,0.76,0.59,0.33,1.11,0.91,1.33,0.6,0.46,0.0,1.33,0.43,1.27,2.33
van Dongen_engagement,Moderate Engagement,Low Engagement,High Engagement,High Engagement,Low Engagement,Low Engagement,Moderate Engagement,Moderate Engagement,Moderate Engagement,High Engagement,High Engagement,Moderate Engagement,Moderate Engagement,Moderate Engagement,Low Engagement,Moderate Engagement,High Engagement,Moderate Engagement,Moderate Engagement,High Engagement,Moderate Engagement,High Engagement,High Engagement,High Engagement,Moderate Engagement,Moderate Engagement,Moderate Engagement,Low Engagement,Low Engagement,Moderate Engagement,Low Engagement,Moderate Engagement,Moderate Engagement,Moderate Engagement,High Engagement,Moderate Engagement,Moderate Engagement,Moderate Engagement,Moderate Engagement,High Engagement,High Engagement,Moderate Engagement,High Engagement,Moderate Engagement,Low Engagement
van Dongen_valence,6.66,0.0,12.58,-6.1,2.4,-11.81,0.36,14.97,1.74,7.32,0.0,-23.4,0.0,0.0,11.83,0.0,4.18,-12.3,0.0,-4.74,46.57,2.42,-3.41,-1.16,0.0,0.0,0.0,0.0,-8.09,0.03,-18.08,-3.98,-23.55,0.82,-10.93,0.0,-2.52,-8.95,-6.8,-3.46,5.14,-8.95,1.78,-22.96,-26.77
van Dongen_emotions,"neutral,neutral,neutral,surprise,neutral,surprise,neutral,neutral,neutral,neutral,surprise,neutral,neutral,neutral,neutral,neutral,anger,anger,anger,neutral,neutral,neutral,anger,neutral,neutral,neutral,neutral,neutral,neutral,neutral,neutral,neutral,neutral,surprise,anger,anger,neutral,neutral,neutral,neutral,neutral,neutral,neutral,neutral,neutral,neutral,neutral","neutral,neutral,neutral,neutral,neutral,neutral,neutral,neutral,surprise,neutral,neutral,neutral,neutral,neutral,surprise,neutral,neutral,neutral,neutral","neutral,neutral,neutral,neutral,neutral,neutral,neutral,neutral,neutral,neutral,neutral,neutral,neutral,neutral,neutral,neutral,neutral,neutral,neutral,neutral,neutral,neutral,neutral,anger,neutral,neutral,neutral,neutral,neutral,neutral,neutral","neutral,neutral,neutral,neutral,neutral,neutral,neutral,neutral,neutral,neutral,neutral,anger,neutral,neutral,neutral,neutral,anger,neutral,neutral,anger,neutral,neutral,neutral,neutral,neutral,neutral,neutral,neutral,neutral,neutral,neutral,neutral,neutral,neutral,neutral,neutral,neutral,neutral,neutral,neutral","neutral,neutral,neutral,neutral,neutral,neutral,neutral,neutral,neutral,neutral,neutral,surprise,surprise,neutral,neutral,anger,anger,neutral,anger,anger,anger,neutral,neutral,neutral,anger,neutral,neutral,neutral,neutral,neutral,neutral,neutral,neutral,neutral,neutral,surprise,neutral,neutral","neutral,neutral,neutral,neutral,neutral,neutral","joy,joy,joy,joy,surprise,joy,neutral,neutral,neutral,anger,neutral,neutral,neutral,neutral,neutral,neutral,neutral,neutral,neutral,neutral,neutral,surprise,surprise,neutral,neutral,neutral,neutral,neutral,neutral,neutral,neutral,neutral,neutral,neutral,neutral,neutral,neutral,neutral","joy,joy,joy,joy,joy,joy,joy,neutral,neutral,neutral,joy,joy,neutral,neutral,neutral,neutral,neutral,neutral,neutral,anger,neutral,joy,anger,anger,anger,neutral,neutral,anger,anger,anger,anger,neutral,neutral,joy,joy,joy,joy,joy,joy,neutral,joy","neutral,surprise,neutral,neutral,neutral,neutral,neutral,neutral,neutral,neutral,neutral,neutral,neutral,neutral,neutral,neutral,neutral,neutral,neutral,surprise,surprise,surprise,neutral,neutral,neutral,neutral,neutral,neutral,surprise,surprise,neutral,neutral,neutral,neutral,neutral,neutral","joy,joy,joy,joy,neutral,joy,joy,joy,joy,neutral,joy,joy,joy,joy,joy,joy,neutral,neutral,neutral,neutral,neutral,joy,neutral,neutral,neutral,neutral,anger,anger,anger,neutral,neutral,neutral,anger,anger,anger,neutral,neutral,neutral,neutral,joy","neutral,neutral,neutral,neutral,neutral,neutral,neutral,neutral,neutral,neutral,neutral,neutral,neutral,anger,neutral,neutral,neutral,neutral,neutral,neutral,anger,neutral,neutral,neutral,neutral,neutral,neutral,neutral,neutral,neutral,neutral,neutral,neutral,neutral,neutral,neutral,neutral,neutral,neutral,neutral,neutral","joy,anger,neutral,neutral,neutral,anger,anger,neutral,neutral,neutral,neutral,neutral,surprise,neutral,neutral,neutral,neutral,neutral,neutral,neutral,neutral,neutral,neutral,neutral,neutral,neutral,neutral,neutral,neutral,neutral,neutral,neutral,neutral,neutral,neutral,neutral,neutral,neutral,neutral","neutral,neutral,neutral,neutral,neutral,neutral,neutral,neutral,neutral,neutral,anger,neutral,neutral,neutral,neutral,neutral,neutral,neutral,neutral,neutral,neutral,neutral,neutral,neutral,neutral,neutral,neutral,neutral,neutral,neutral,neutral,neutral,neutral,neutral,neutral,neutral,neutral,neutral","neutral,neutral,neutral,neutral,neutral,neutral,neutral,neutral,neutral,neutral,neutral,neutral,neutral,neutral,neutral,neutral,neutral,neutral,neutral,neutral,neutral,neutral,neutral,neutral,neutral,neutral,neutral,neutral,neutral,neutral,neutral,joy,joy,neutral,neutral,neutral,neutral,neutral,neutral","joy,joy,joy,joy,joy,joy,joy,joy,joy,joy,joy,anger,anger,anger,joy,anger,joy,joy,joy,joy,joy","neutral,neutral,neutral,neutral,neutral,neutral,neutral,neutral,neutral,neutral,neutral,neutral,neutral,neutral,neutral,neutral,neutral,neutral,neutral,neutral,neutral,neutral,neutral,neutral,neutral,neutral,neutral,neutral,neutral,neutral,neutral,neutral,neutral,neutral,neutral,neutral,neutral,neutral,neutral,neutral,neutral","neutral,joy,joy,neutral,neutral,neutral,neutral,neutral,neutral,neutral,neutral,neutral,neutral,neutral,neutral,neutral,neutral,neutral,neutral,neutral,neutral,neutral,neutral,neutral,neutral,neutral,neutral,neutral,neutral,neutral,neutral,neutral,neutral","neutral,neutral,neutral,neutral,neutral,neutral,neutral,neutral,neutral,neutral,neutral,neutral,neutral,neutral,neutral,neutral,neutral,neutral,neutral,neutral,neutral,neutral,neutral,neutral,neutral,neutral,neutral,neutral,neutral,neutral,neutral,neutral,neutral,neutral,neutral,anger,neutral,neutral","neutral,neutral,neutral,neutral,neutral,neutral,neutral,neutral,neutral,neutral,neutral,surprise,neutral,neutral,sadness,neutral,neutral,neutral,neutral,neutral,neutral,neutral,neutral,neutral,neutral,neutral,neutral,neutral,neutral,neutral,neutral,neutral,neutral,neutral,neutral,surprise,sadness,neutral,neutral,neutral,sadness,sadness,neutral,neutral","surprise,neutral,neutral,neutral,neutral,surprise,anger,anger,anger,neutral,neutral,neutral,neutral,neutral,neutral,neutral,neutral,neutral,neutral,neutral,neutral,anger,neutral,anger,neutral,surprise,surprise,neutral,anger,anger,neutral,anger,anger,anger,neutral,anger,surprise,neutral","joy,joy,joy,joy,neutral,surprise,neutral,surprise,neutral,neutral,neutral,neutral,neutral,neutral,neutral,neutral,neutral,neutral,joy,joy,neutral,surprise,neutral,neutral,neutral,neutral,neutral,neutral,neutral,neutral,neutral,neutral,neutral,neutral,neutral,neutral,anger,anger,anger,anger,neutral,neutral","neutral,neutral,neutral,neutral,neutral,neutral,neutral,neutral,neutral,neutral,neutral,neutral,neutral,neutral,neutral,neutral,neutral,neutral,neutral,neutral,neutral,neutral,neutral,neutral,neutral,neutral,neutral,neutral,neutral,neutral,neutral,anger,anger,anger,neutral,neutral,neutral,neutral","joy,joy,joy,neutral,neutral,neutral,surprise,surprise,neutral,neutral,neutral,neutral,neutral,neutral,neutral,neutral,neutral,neutral,neutral,neutral,neutral,neutral,neutral,neutral,neutral,neutral,neutral,neutral,neutral,neutral,neutral,neutral,neutral,neutral,neutral,neutral,neutral,neutral","neutral,neutral,neutral,neutral,neutral,surprise,neutral,neutral,neutral,neutral,neutral,neutral,neutral,neutral,neutral,neutral,neutral,neutral,neutral,neutral,surprise,surprise,neutral,neutral,surprise,surprise,neutral,neutral,neutral,neutral,neutral,neutral,neutral,neutral,neutral,neutral,neutral","neutral,neutral,neutral,neutral,neutral,neutral,neutral,neutral,neutral,neutral,neutral,neutral,neutral,neutral,neutral,neutral,neutral,neutral,neutral,neutral,neutral,neutral,neutral,neutral,neutral,neutral,neutral,neutral,neutral,neutral,neutral,neutral,neutral,neutral,neutral,neutral,neutral,neutral,neutral","neutral,neutral,neutral,neutral,neutral,neutral,neutral,neutral,neutral,neutral,neutral,neutral,neutral,neutral,neutral,neutral,neutral,neutral,neutral,neutral,neutral,neutral,neutral,neutral,neutral,neutral,neutral,neutral,neutral,neutral,neutral,neutral,neutral,neutral,neutral,neutral,neutral,neutral,neutral,neutral,neutral","neutral,surprise,neutral,neutral,neutral,neutral,neutral,neutral,neutral,neutral,neutral,neutral,neutral,neutral,neutral,neutral,neutral,surprise,neutral,neutral,neutral,neutral,surprise,neutral,neutral,neutral,neutral,neutral,neutral,neutral,neutral,neutral,neutral,neutral,neutral,neutral","neutral,neutral,neutral,neutral,neutral,neutral,neutral","neutral,neutral,neutral,neutral,neutral,neutral,neutral,neutral,neutral,neutral,neutral,neutral,neutral,neutral,neutral,neutral,neutral,neutral,neutral,joy,neutral,neutral,neutral","neutral,neutral,neutral,neutral,neutral,neutral,neutral,neutral,neutral,neutral,neutral,neutral,neutral,neutral,neutral,neutral,neutral,neutral,neutral,neutral,neutral,neutral,neutral,neutral,neutral,neutral,neutral,neutral,neutral,neutral,neutral,neutral,neutral,neutral,neutral,neutral,neutral,neutral,neutral,neutral","neutral,neutral,neutral,neutral,neutral,neutral,neutral,neutral,neutral,neutral,anger,neutral,neutral,anger,neutral,neutral,neutral,neutral,neutral,neutral,neutral,neutral,neutral,neutral,neutral,neutral,neutral,neutral,neutral,neutral","neutral,neutral,neutral,surprise,neutral,neutral,surprise,neutral,neutral,surprise,neutral,surprise,neutral,neutral,surprise,surprise,surprise,neutral,surprise,neutral,neutral,neutral,neutral,neutral,neutral,neutral,surprise,surprise,surprise,neutral,neutral,surprise,neutral,neutral,neutral,neutral,neutral,neutral,surprise,neutral","neutral,neutral,neutral,neutral,neutral,neutral,neutral,neutral,neutral,neutral,neutral,neutral,neutral,neutral,neutral,neutral,neutral,neutral,neutral,neutral,neutral,neutral,neutral,neutral,neutral,neutral,neutral,neutral,neutral,neutral,neutral,neutral,neutral,neutral,neutral,neutral,neutral,neutral,neutral","joy,joy,joy,joy,joy,joy,joy,joy,surprise,neutral,anger,surprise,joy,joy,neutral,joy,joy,joy,joy,joy,neutral,neutral,joy,joy,joy,joy,neutral,neutral,joy,neutral,joy,joy,neutral,joy,joy,neutral,neutral,neutral,joy,neutral,joy,anger,joy,joy,joy,joy,joy,joy,joy,joy,joy,joy,joy,joy,neutral,neutral","neutral,neutral,neutral,neutral,neutral,neutral,neutral,neutral,neutral,neutral,neutral,neutral,neutral,neutral,neutral,neutral,neutral,neutral,neutral,neutral,neutral,neutral,neutral,neutral,neutral,neutral,neutral,neutral,neutral,neutral,neutral,neutral,neutral,neutral,neutral,neutral,neutral,neutral,neutral,neutral,neutral","neutral,neutral,neutral,neutral,neutral,neutral,neutral,neutral,neutral,neutral,neutral,neutral,neutral,surprise,surprise,neutral,neutral,neutral,neutral,neutral,neutral,neutral,neutral,neutral,neutral,neutral,neutral,neutral,neutral,neutral,neutral,neutral,neutral,neutral,neutral,neutral,neutral","neutral,joy,anger,neutral,neutral,anger,neutral,neutral,neutral,neutral,anger,neutral,neutral,neutral,neutral,anger,neutral,neutral,neutral,neutral,anger,anger,neutral,neutral,neutral,neutral,sadness,anger,sadness,anger,anger,surprise,neutral,neutral,sadness,neutral,neutral,neutral,neutral,joy","anger,joy,joy,surprise,surprise,anger,anger,anger,anger,anger,anger,neutral,neutral,neutral,neutral,neutral,neutral,neutral,neutral,neutral,neutral,neutral,joy,surprise,surprise,surprise,neutral,sadness,sadness,sadness,surprise,anger,anger,anger,anger,anger,neutral,neutral,neutral,anger","joy,anger,anger,joy,joy,joy,neutral,neutral,joy,neutral,surprise,neutral,neutral,neutral,joy,surprise,surprise,neutral,neutral,anger,anger,anger,neutral,anger,neutral,surprise,neutral,neutral,neutral,neutral,neutral,neutral,neutral,neutral,neutral,neutral,anger,neutral,joy,joy,joy","neutral,anger,neutral,neutral,neutral,neutral,neutral,neutral,neutral,neutral,neutral,surprise,neutral,neutral,neutral,neutral,neutral,neutral,neutral,neutral,neutral,neutral,anger,neutral,neutral,neutral,neutral,neutral,neutral,neutral,neutral,neutral,neutral,neutral,neutral,neutral",,"anger,joy,joy,surprise,surprise,anger,anger,anger,anger,anger,anger,neutral,neutral,neutral,neutral,neutral,neutral,neutral,neutral,neutral,neutral,neutral,joy,surprise,surprise,surprise,neutral,sadness,sadness,sadness,surprise,anger,anger,anger,anger,anger,neutral,neutral,neutral,anger","joy,joy,neutral,neutral,neutral,neutral,neutral,joy,neutral,neutral,neutral,neutral,neutral,anger,anger,neutral,anger,anger,neutral,neutral,anger,anger,anger,anger,neutral,neutral,anger,neutral,neutral,sadness,joy,neutral,neutral,neutral,joy,joy,joy,joy","neutral,neutral,neutral,surprise,surprise,surprise,neutral,neutral,neutral,neutral,neutral,neutral,neutral,neutral,neutral,neutral,neutral,neutral,neutral,neutral,neutral,neutral,neutral,neutral,neutral,neutral,neutral,neutral,neutral,neutral,neutral,neutral,neutral,neutral,neutral,neutral,neutral,neutral,neutral,neutral,neutral","neutral,neutral,neutral,neutral,neutral,neutral,neutral,neutral,anger,surprise,neutral,neutral,anger,anger,neutral,neutral,neutral,anger,neutral,neutral,neutral,neutral,surprise,joy,joy,surprise,neutral,neutral,neutral,neutral,neutral,neutral,neutral,anger,anger,neutral,neutral,neutral,neutral"
Braque_presence,82.83,72.33,24.98,5.0,67.43,25.4,69.03,74.13,64.45,78.0,76.03,68.95,11.48,64.07,62.93,74.08,15.2,67.77,67.23,67.33,70.18,65.88,68.95,66.37,75.88,69.97,64.9,13.13,70.47,67.85,72.33,68.97,67.18,88.25,77.5,56.33,17.52,96.35,69.92,74.87,0.0,96.35,66.53,76.82,66.5
Braque_presence_audio,110.44,96.44,33.31,6.67,89.91,33.87,92.04,98.84,85.93,104.0,101.37,91.93,15.31,85.43,83.91,98.77,20.27,90.36,89.64,89.77,93.57,87.84,91.93,88.49,101.17,93.29,86.53,17.51,93.96,90.47,96.44,91.96,89.57,117.67,103.33,75.11,23.36,128.47,93.23,99.83,0.0,128.47,88.71,102.43,88.67
Braque_gaze,67.68,48.73,20.98,2.68,28.32,15.0,47.02,41.08,49.72,46.0,55.65,46.62,6.32,40.33,30.07,60.18,7.35,56.37,52.32,56.25,60.73,58.08,58.13,59.62,63.42,56.47,47.18,9.63,57.78,54.85,37.3,52.17,57.02,70.68,52.63,40.43,13.47,67.08,53.42,57.97,0.0,67.08,48.72,65.98,49.65
Braque_gaze_percent,81.71,67.37,83.99,53.6,42.0,59.06,68.12,55.42,77.15,58.97,73.19,67.61,55.05,62.95,47.78,81.24,48.36,83.18,77.82,83.54,86.53,88.16,84.31,89.83,83.58,80.71,72.7,73.34,81.99,80.84,51.57,75.64,84.88,80.09,67.91,71.77,76.88,69.62,76.4,77.43,0.0,69.62,73.23,85.89,74.66
Braque_saccade_rate,0.66,0.53,0.81,6.34,2.79,1.53,0.79,0.68,1.25,0.3,0.31,0.92,4.75,0.87,2.69,0.4,2.59,0.89,0.48,0.37,0.54,0.1,0.96,0.1,0.47,0.58,1.04,1.66,0.61,0.33,1.8,0.86,0.39,0.55,1.03,1.85,1.78,1.98,0.54,0.45,0.0,1.98,0.51,0.97,2.2
Braque_engagement,Moderate Engagement,Moderate Engagement,Moderate Engagement,Low Engagement,Low Engagement,Low Engagement,Moderate Engagement,Moderate Engagement,Moderate Engagement,High Engagement,High Engagement,Moderate Engagement,Low Engagement,Moderate Engagement,Low Engagement,High Engagement,Low Engagement,Moderate Engagement,High Engagement,High Engagement,Moderate Engagement,High Engagement,Moderate Engagement,High Engagement,High Engagement,Moderate Engagement,Moderate Engagement,Low Engagement,Moderate Engagement,High Engagement,Low Engagement,Moderate Engagement,High Engagement,Moderate Engagement,Moderate Engagement,Low Engagement,Low Engagement,Low Engagement,Moderate Engagement,High Engagement,High Engagement,Low Engagement,Moderate Engagement,Moderate Engagement,Low Engagement
Braque_valence,-4.58,5.97,-6.16,-14.57,9.11,,-5.8,-8.12,-7.65,-1.23,-17.76,-4.16,,0.0,12.88,0.0,,0.0,,-6.93,-24.41,-14.42,-12.79,-2.34,-13.44,11.04,-14.58,,2.46,-7.7,0.0,-6.56,-21.44,,-11.48,-6.84,0.37,-31.4,,-5.87,6.5,-31.4,,,-30.6
Braque_emotions,"neutral,neutral,neutral,surprise,neutral,neutral,neutral,neutral,neutral,neutral,neutral,neutral,neutral,neutral,neutral,neutral,anger,neutral,neutral,neutral,neutral,anger,neutral,neutral,neutral,neutral,neutral,neutral,neutral,neutral,neutral,neutral,neutral,neutral,neutral,neutral,neutral,neutral,surprise,surprise,surprise,neutral","sadness,neutral,neutral,neutral,neutral,neutral,neutral,neutral,neutral,neutral,neutral,neutral,neutral,neutral,neutral,neutral,neutral,sadness,sadness,sadness,anger,anger,anger,neutral,anger,neutral,neutral,neutral,neutral,neutral,anger,neutral,neutral,neutral,neutral,neutral,surprise","neutral,neutral,neutral,neutral,anger,surprise,surprise,anger,anger,neutral,surprise,neutral,neutral","neutral,neutral,neutral","neutral,neutral,neutral,neutral,neutral,neutral,neutral,anger,neutral,anger,anger,neutral,neutral,neutral,neutral,neutral,neutral,neutral,neutral,neutral,anger,anger,anger,neutral,anger,neutral,neutral,surprise,anger,neutral,anger,neutral,neutral,neutral","neutral,neutral,neutral,neutral,neutral,neutral,neutral,neutral,neutral,neutral,neutral,neutral,neutral","neutral,neutral,neutral,neutral,neutral,neutral,neutral,neutral,neutral,neutral,neutral,neutral,neutral,neutral,neutral,neutral,surprise,surprise,joy,neutral,neutral,neutral,surprise,neutral,neutral,neutral,neutral,neutral,neutral,neutral,neutral,anger,neutral,neutral,neutral","neutral,joy,joy,joy,joy,joy,joy,joy,joy,joy,joy,joy,neutral,anger,anger,anger,neutral,joy,neutral,neutral,joy,joy,joy,anger,anger,anger,joy,anger,joy,joy,joy,joy,joy,neutral,joy,joy,neutral,neutral","surprise,neutral,neutral,neutral,neutral,neutral,neutral,neutral,neutral,neutral,neutral,neutral,neutral,surprise,surprise,neutral,neutral,neutral,neutral,neutral,neutral,neutral,neutral,neutral,surprise,neutral,neutral,neutral,neutral,neutral,neutral,neutral,neutral","joy,joy,joy,joy,joy,joy,joy,joy,neutral,joy,neutral,neutral,neutral,neutral,neutral,neutral,neutral,neutral,neutral,neutral,neutral,neutral,neutral,neutral,neutral,neutral,neutral,neutral,neutral,neutral,neutral,neutral,joy,neutral,neutral,neutral,neutral,joy,joy","neutral,neutral,neutral,neutral,neutral,neutral,neutral,neutral,neutral,neutral,neutral,neutral,neutral,neutral,neutral,neutral,neutral,neutral,neutral,neutral,neutral,neutral,neutral,neutral,neutral,neutral,neutral,neutral,neutral,neutral,neutral,neutral,neutral,neutral,neutral,neutral,neutral,neutral,neutral","surprise,neutral,neutral,anger,anger,neutral,neutral,neutral,neutral,neutral,neutral,neutral,neutral,neutral,neutral,anger,neutral,neutral,neutral,neutral,neutral,neutral,neutral,neutral,neutral,neutral,neutral,neutral,neutral,neutral,neutral,neutral,neutral,neutral,neutral","neutral,neutral,neutral,neutral,neutral,neutral","neutral,neutral,neutral,neutral,neutral,neutral,neutral,neutral,neutral,neutral,neutral,neutral,neutral,neutral,neutral,neutral,neutral,neutral,neutral,neutral,neutral,neutral,neutral,neutral,neutral,neutral,neutral,neutral,neutral,neutral,neutral,neutral,neutral","joy,joy,joy,surprise,surprise,surprise,neutral,joy,joy,joy,joy,joy,joy,joy,joy,joy,neutral,joy,joy,joy,joy,joy,joy,joy,joy,joy,joy,joy,joy,joy,joy,joy","neutral,neutral,neutral,neutral,neutral,neutral,neutral,neutral,neutral,neutral,neutral,neutral,neutral,neutral,neutral,neutral,neutral,neutral,neutral,neutral,neutral,neutral,neutral,neutral,neutral,neutral,neutral,neutral,neutral,neutral,neutral,neutral,neutral,neutral,neutral,neutral,neutral,neutral","neutral,neutral,surprise,neutral,neutral,neutral,neutral,neutral","neutral,neutral,neutral,neutral,neutral,neutral,neutral,neutral,neutral,neutral,neutral,neutral,neutral,neutral,neutral,neutral,neutral,neutral,neutral,neutral,neutral,neutral,anger,neutral,neutral,surprise,neutral,neutral,neutral,neutral,neutral,neutral,anger,neutral","surprise,surprise,neutral,neutral,neutral,surprise,neutral,neutral,neutral,neutral,neutral,neutral,neutral,neutral,neutral,neutral,neutral,neutral,neutral,neutral,neutral,neutral,neutral,neutral,neutral,neutral,surprise,neutral,neutral,neutral,neutral,neutral,neutral,neutral","neutral,surprise,neutral,neutral,neutral,neutral,neutral,neutral,neutral,neutral,neutral,surprise,neutral,neutral,neutral,neutral,neutral,neutral,anger,anger,neutral,anger,neutral,surprise,neutral,neutral,neutral,neutral,neutral,neutral,anger,anger,neutral,neutral","neutral,joy,neutral,neutral,joy,joy,joy,joy,joy,joy,anger,neutral,neutral,neutral,anger,neutral,neutral,neutral,neutral,neutral,neutral,neutral,neutral,neutral,neutral,neutral,neutral,neutral,neutral,neutral,neutral,neutral,joy,joy,joy,neutral","neutral,neutral,neutral,neutral,anger,neutral,neutral,neutral,neutral,neutral,neutral,anger,anger,anger,anger,anger,anger,neutral,neutral,neutral,neutral,neutral,neutral,neutral,neutral,anger,neutral,neutral,neutral,neutral,neutral,neutral,neutral","neutral,neutral,neutral,neutral,neutral,neutral,neutral,neutral,neutral,neutral,neutral,neutral,neutral,neutral,neutral,neutral,neutral,neutral,neutral,neutral,neutral,neutral,neutral,neutral,neutral,neutral,neutral,neutral,neutral,neutral,neutral,neutral,neutral,neutral,neutral","surprise,neutral,surprise,neutral,neutral,neutral,surprise,neutral,surprise,neutral,neutral,surprise,surprise,neutral,neutral,neutral,neutral,neutral,neutral,neutral,neutral,neutral,neutral,neutral,neutral,neutral,neutral,neutral,neutral,neutral,neutral,surprise,neutral,surprise","neutral,neutral,neutral,neutral,neutral,neutral,neutral,neutral,neutral,neutral,neutral,neutral,neutral,neutral,neutral,neutral,neutral,neutral,neutral,neutral,joy,neutral,neutral,neutral,neutral,neutral,neutral,neutral,neutral,neutral,neutral,neutral,neutral,neutral,neutral,neutral,neutral,neutral","neutral,neutral,neutral,neutral,neutral,neutral,neutral,neutral,neutral,neutral,neutral,neutral,neutral,neutral,neutral,neutral,neutral,neutral,neutral,neutral,neutral,neutral,neutral,neutral,neutral,neutral,neutral,neutral,neutral,neutral,neutral,neutral,neutral,neutral,neutral","neutral,surprise,neutral,neutral,neutral,neutral,neutral,neutral,neutral,neutral,neutral,neutral,neutral,neutral,surprise,neutral,neutral,neutral,neutral,neutral,neutral,neutral,neutral,neutral,neutral,neutral,neutral,neutral,neutral,neutral,neutral,neutral,neutral","neutral,neutral,neutral,neutral,neutral,neutral,neutral","neutral,neutral,neutral,neutral,neutral,neutral,neutral,neutral,neutral,neutral,neutral,neutral,neutral,neutral,neutral,neutral,neutral,surprise,neutral,neutral,neutral,neutral,surprise,neutral,neutral,neutral,neutral,neutral,neutral,surprise,neutral,neutral,neutral,neutral,neutral,neutral","neutral,neutral,neutral,neutral,neutral,neutral,neutral,neutral,neutral,neutral,neutral,neutral,neutral,neutral,neutral,neutral,neutral,neutral,neutral,neutral,neutral,neutral,neutral,neutral,neutral,neutral,neutral,anger,neutral,neutral,neutral,neutral,neutral,neutral","neutral,neutral,anger,neutral,neutral,neutral,neutral,neutral,neutral,anger,neutral,neutral,neutral,neutral,neutral,neutral,neutral,neutral,neutral,neutral,neutral,neutral,neutral,neutral,neutral,neutral,neutral,neutral,neutral,neutral,neutral,neutral,neutral,neutral,neutral,neutral,neutral","surprise,neutral,neutral,neutral,neutral,neutral,neutral,neutral,anger,neutral,neutral,neutral,neutral,neutral,neutral,neutral,neutral,neutral,neutral,neutral,surprise,surprise,neutral,neutral,neutral,neutral,neutral,neutral,neutral,neutral,neutral,neutral,neutral,neutral,neutral","neutral,neutral,neutral,neutral,neutral,neutral,neutral,neutral,neutral,neutral,neutral,neutral,neutral,neutral,anger,neutral,neutral,neutral,neutral,neutral,neutral,neutral,neutral,neutral,neutral,neutral,neutral,neutral,neutral,neutral,neutral,neutral,neutral,neutral","joy,neutral,joy,joy,neutral,neutral,joy,joy,neutral,joy,neutral,joy,joy,neutral,neutral,neutral,neutral,neutral,joy,neutral,joy,joy,joy,joy,joy,neutral,joy,neutral,neutral,joy,joy,neutral,neutral,neutral,neutral,neutral,anger,neutral,neutral,neutral,neutral,neutral,neutral,neutral,joy","neutral,neutral,neutral,neutral,neutral,neutral,neutral,neutral,neutral,neutral,neutral,neutral,neutral,neutral,neutral,neutral,neutral,neutral,neutral,neutral,neutral,neutral,neutral,neutral,neutral,neutral,neutral,neutral,neutral,neutral,neutral,neutral,neutral,neutral,neutral,neutral,neutral,neutral,neutral","neutral,neutral,neutral,sadness,neutral,neutral,neutral,neutral,surprise,surprise,neutral,neutral,neutral,neutral,neutral,neutral,neutral,neutral,neutral,anger,neutral,surprise,surprise,neutral,neutral,neutral,neutral,neutral,neutral","neutral,joy,neutral,neutral,surprise,neutral,anger,neutral,neutral","neutral,anger,anger,anger,surprise,anger,anger,joy,joy,neutral,surprise,neutral,neutral,neutral,surprise,anger,anger,surprise,surprise,surprise,surprise,surprise,anger,surprise,neutral,neutral,anger,surprise,surprise,surprise,surprise,surprise,anger,anger,anger,anger,anger,anger,anger,anger,anger,anger,anger,anger,anger,neutral,surprise,anger,neutral","surprise,joy,surprise,joy,joy,joy,surprise,neutral,surprise,surprise,neutral,neutral,surprise,neutral,surprise,surprise,neutral,anger,neutral,anger,surprise,anger,surprise,anger,neutral,neutral,anger,neutral,neutral,surprise,surprise,anger,anger,neutral,anger","joy,joy,joy,joy,neutral,neutral,neutral,neutral,neutral,neutral,neutral,neutral,neutral,neutral,neutral,neutral,neutral,neutral,neutral,neutral,neutral,neutral,neutral,neutral,neutral,neutral,neutral,neutral,neutral,neutral,neutral,neutral,neutral,anger,neutral,neutral,neutral,anger",,"neutral,anger,anger,anger,surprise,anger,anger,joy,joy,neutral,surprise,neutral,neutral,neutral,surprise,anger,anger,surprise,surprise,surprise,surprise,surprise,anger,surprise,neutral,neutral,anger,surprise,surprise,surprise,surprise,surprise,anger,anger,anger,anger,anger,anger,anger,anger,anger,anger,anger,anger,anger,neutral,surprise,anger,neutral","joy,joy,neutral,neutral,neutral,neutral,neutral,neutral,neutral,neutral,neutral,joy,joy,joy,neutral,neutral,neutral,neutral,joy,neutral,neutral,neutral,neutral,neutral,neutral,neutral,joy,neutral,neutral,neutral,neutral,neutral,joy,joy","neutral,neutral,neutral,neutral,neutral,neutral,neutral,neutral,neutral,neutral,neutral,neutral,neutral,surprise,surprise,surprise,neutral,neutral,neutral,neutral,neutral,neutral,neutral,neutral,neutral,neutral,neutral,neutral,neutral,neutral,neutral,neutral,neutral,neutral,neutral,neutral,neutral,neutral,neutral","neutral,neutral,neutral,neutral,neutral,neutral,neutral,anger,anger,anger,neutral,neutral,neutral,neutral,neutral,neutral,neutral,neutral,neutral,neutral,neutral,neutral,surprise,neutral,neutral,neutral,anger,neutral,anger,neutral,neutral,neutral,neutral,neutral"
Pollock_presence,94.1,96.75,77.62,88.48,79.48,79.95,83.75,88.47,76.35,88.7,92.32,69.7,85.5,83.35,57.2,82.58,89.47,113.63,95.92,83.87,93.4,77.1,93.22,80.37,89.88,91.88,77.15,40.05,79.53,107.05,85.87,90.38,80.35,111.03,110.65,78.47,103.52,93.77,104.15,79.77,0.0,93.77,55.45,84.82,104.38
Pollock_presence_audio,108.16,111.21,89.22,101.7,91.36,91.9,96.26,101.69,87.76,101.95,106.11,80.11,98.28,95.8,65.75,94.92,102.84,130.61,110.25,96.4,107.36,88.62,107.15,92.38,103.31,105.61,88.68,46.03,91.41,123.05,98.7,103.89,92.36,127.62,127.18,90.2,118.99,107.78,119.71,91.69,0.0,107.78,63.74,97.49,119.98
Pollock_gaze,59.05,36.28,64.82,71.3,32.15,68.32,61.7,58.83,48.9,52.48,47.0,49.2,50.37,18.07,15.35,67.47,68.83,64.52,32.83,65.08,62.55,67.33,70.3,70.27,74.23,48.02,61.53,26.63,45.63,52.03,46.35,53.95,64.95,77.15,63.35,47.93,57.27,61.47,70.68,71.1,0.0,61.47,40.7,60.72,57.38
Pollock_gaze_percent,62.75,37.5,83.51,80.58,40.45,85.45,73.67,66.5,64.05,59.17,50.91,70.59,58.91,21.68,26.84,81.7,76.93,56.78,34.23,77.6,66.97,87.33,75.41,87.43,82.59,52.26,79.75,66.49,57.37,48.6,53.98,59.69,80.83,69.49,57.25,61.08,55.32,65.55,67.86,89.13,0.0,65.55,73.4,71.59,54.97
Pollock_saccade_rate,0.66,0.96,0.2,0.1,1.34,0.15,0.86,0.53,0.92,0.78,0.3,1.06,0.54,1.33,5.67,0.22,0.29,0.64,0.85,0.54,0.62,0.03,0.36,0.11,0.47,0.52,0.34,0.49,0.72,0.52,1.17,1.2,0.25,0.57,0.47,1.15,0.86,0.81,0.51,0.3,0.0,0.81,0.71,0.97,1.53
Pollock_engagement,Moderate Engagement,Moderate Engagement,High Engagement,High Engagement,Moderate Engagement,High Engagement,Moderate Engagement,Moderate Engagement,Moderate Engagement,Moderate Engagement,High Engagement,Moderate Engagement,Moderate Engagement,Moderate Engagement,Low Engagement,High Engagement,High Engagement,Moderate Engagement,Moderate Engagement,Moderate Engagement,Moderate Engagement,High Engagement,High Engagement,High Engagement,High Engagement,Moderate Engagement,High Engagement,High Engagement,Moderate Engagement,Moderate Engagement,Moderate Engagement,Moderate Engagement,High Engagement,Moderate Engagement,High Engagement,Moderate Engagement,Moderate Engagement,Moderate Engagement,Moderate Engagement,High Engagement,High Engagement,Moderate Engagement,Moderate Engagement,Moderate Engagement,Low Engagement
Pollock_valence,-19.24,-29.52,0.01,-4.52,-0.36,-8.02,1.46,-10.9,-3.68,13.25,-21.61,-6.04,3.59,0.0,3.13,0.0,42.13,0.0,-1.32,20.94,22.43,-38.52,28.44,-7.24,-28.54,0.0,-14.56,0.0,29.74,,-14.27,10.37,-7.58,4.59,-19.19,-13.9,-0.93,-22.53,-0.96,-0.49,7.28,-22.53,3.2,3.64,-24.9
Pollock_emotions,"neutral,anger,anger,anger,neutral,surprise,anger,anger,neutral,anger,anger,surprise,surprise,neutral,neutral,neutral,neutral,neutral,neutral,neutral,surprise,surprise,neutral,neutral,neutral,neutral,neutral,neutral,neutral,neutral,surprise,neutral,anger,neutral,neutral,neutral,neutral,neutral,neutral,neutral,neutral,neutral,neutral,neutral,neutral,neutral,neutral,neutral","surprise,surprise,neutral,neutral,neutral,neutral,neutral,neutral,neutral,neutral,neutral,neutral,neutral,neutral,neutral,neutral,neutral,neutral,sadness,surprise,anger,neutral,neutral,neutral,neutral,neutral,neutral,anger,neutral,neutral,neutral,neutral,neutral,neutral,neutral,neutral,neutral,neutral,neutral,neutral,neutral,neutral,neutral,neutral,neutral,neutral,neutral,surprise,neutral","neutral,neutral,neutral,neutral,neutral,neutral,surprise,neutral,neutral,neutral,neutral,neutral,anger,neutral,neutral,neutral,neutral,neutral,neutral,neutral,neutral,neutral,neutral,neutral,neutral,neutral,neutral,neutral,neutral,neutral,neutral,neutral,neutral,neutral,neutral,neutral,neutral,neutral,neutral","neutral,surprise,neutral,neutral,anger,neutral,neutral,neutral,anger,anger,neutral,neutral,neutral,anger,anger,neutral,neutral,neutral,anger,neutral,anger,neutral,neutral,neutral,neutral,neutral,neutral,neutral,neutral,neutral,neutral,neutral,neutral,neutral,neutral,neutral,neutral,neutral,neutral,anger,neutral,neutral,neutral,neutral,neutral","neutral,neutral,surprise,neutral,surprise,neutral,neutral,neutral,surprise,neutral,neutral,anger,surprise,surprise,surprise,neutral,neutral,neutral,neutral,neutral,neutral,neutral,neutral,neutral,neutral,neutral,neutral,neutral,neutral,surprise,neutral,neutral,neutral,neutral,neutral,neutral,neutral,neutral,neutral,surprise","neutral,neutral,neutral,neutral,neutral,neutral,neutral,neutral,neutral,neutral,neutral,neutral,neutral,neutral,neutral,neutral,neutral,neutral,neutral,neutral,neutral,anger,neutral,neutral,neutral,neutral,neutral,neutral,neutral,neutral,anger,anger,neutral,neutral,neutral,neutral,neutral,neutral,neutral,neutral","neutral,neutral,neutral,neutral,neutral,surprise,neutral,neutral,neutral,neutral,neutral,anger,neutral,anger,anger,neutral,joy,joy,surprise,joy,joy,neutral,neutral,neutral,surprise,surprise,neutral,surprise,neutral,neutral,neutral,surprise,surprise,neutral,anger,neutral,neutral,neutral,neutral,joy,joy,joy","joy,joy,joy,joy,joy,joy,joy,joy,joy,joy,joy,joy,joy,joy,joy,joy,joy,joy,joy,joy,joy,joy,joy,joy,joy,joy,joy,joy,joy,joy,joy,joy,joy,joy,joy,joy,joy,joy,joy,joy,joy,joy,joy,neutral,joy","neutral,neutral,neutral,surprise,surprise,neutral,neutral,neutral,neutral,neutral,neutral,neutral,neutral,neutral,neutral,neutral,neutral,surprise,neutral,neutral,neutral,neutral,neutral,neutral,neutral,neutral,neutral,neutral,neutral,neutral,neutral,neutral,neutral,neutral,surprise,surprise,neutral,surprise,neutral","joy,joy,joy,joy,joy,joy,joy,joy,joy,joy,joy,joy,joy,joy,joy,joy,joy,joy,joy,joy,neutral,neutral,neutral,neutral,joy,neutral,joy,joy,neutral,joy,joy,joy,joy,joy,joy,joy,joy,joy,joy,joy,joy,neutral,joy,joy,neutral","neutral,neutral,neutral,neutral,neutral,neutral,neutral,neutral,anger,neutral,neutral,neutral,neutral,neutral,neutral,neutral,neutral,neutral,neutral,neutral,neutral,neutral,neutral,neutral,neutral,anger,neutral,neutral,neutral,neutral,neutral,neutral,neutral,neutral,neutral,neutral,neutral,neutral,neutral,neutral,neutral,neutral,neutral,neutral,neutral,neutral,neutral","joy,neutral,neutral,neutral,neutral,neutral,neutral,neutral,neutral,neutral,neutral,neutral,neutral,neutral,neutral,neutral,neutral,neutral,neutral,neutral,neutral,anger,neutral,neutral,neutral,neutral,neutral,neutral,neutral,neutral,neutral,neutral,surprise,anger,neutral","neutral,joy,neutral,neutral,neutral,neutral,neutral,neutral,neutral,neutral,neutral,neutral,surprise,neutral,neutral,neutral,neutral,neutral,neutral,neutral,neutral,neutral,neutral,neutral,neutral,neutral,neutral,neutral,neutral,neutral,neutral,neutral,neutral,neutral,neutral,neutral,neutral,neutral,neutral,neutral,neutral,neutral,surprise","neutral,neutral,neutral,neutral,neutral,neutral,neutral,neutral,neutral,neutral,neutral,neutral,neutral,neutral,neutral,neutral,neutral,neutral,neutral,neutral,neutral,neutral,neutral,neutral,neutral,neutral,neutral,neutral,neutral,neutral,neutral,neutral,neutral,neutral,neutral,neutral,neutral,neutral,neutral,neutral,neutral,neutral","joy,joy,joy,joy,joy,joy,joy,joy,joy,joy,joy,joy,joy,joy,joy,joy,joy,joy,joy,joy,joy,joy,joy,joy,joy,joy,joy,joy,joy","surprise,neutral,neutral,neutral,neutral,neutral,neutral,neutral,neutral,neutral,neutral,neutral,neutral,neutral,neutral,neutral,neutral,neutral,neutral,neutral,neutral,neutral,neutral,neutral,neutral,neutral,neutral,neutral,neutral,neutral,neutral,neutral,neutral,neutral,neutral,neutral,neutral,neutral,neutral,neutral,neutral,neutral","joy,joy,joy,joy,joy,joy,joy,joy,neutral,neutral,neutral,neutral,neutral,neutral,neutral,neutral,neutral,neutral,neutral,neutral,neutral,neutral,neutral,neutral,surprise,neutral,surprise,neutral,neutral,neutral,surprise,neutral,neutral,neutral,neutral,neutral,neutral,neutral,neutral,neutral,neutral,neutral,neutral,neutral,neutral","anger,neutral,neutral,neutral,neutral,neutral,neutral,neutral,neutral,neutral,neutral,neutral,neutral,neutral,disgust,surprise,anger,anger,anger,anger,anger,anger,anger,anger,neutral,neutral,neutral,neutral,neutral,neutral,neutral,neutral,neutral,neutral,neutral,neutral,neutral,neutral,neutral,neutral,neutral,neutral,neutral,neutral,neutral,neutral,neutral,neutral,neutral,neutral,neutral,neutral,neutral,neutral,neutral,neutral,neutral","surprise,joy,joy,surprise,neutral,neutral,neutral,neutral,neutral,neutral,surprise,neutral,neutral,neutral,neutral,neutral,neutral,neutral,surprise,neutral,neutral,surprise,neutral,neutral,neutral,neutral,neutral,neutral,neutral,neutral,neutral,neutral,neutral,neutral,neutral,neutral,neutral,neutral,neutral,neutral,neutral,neutral,neutral,neutral,neutral,neutral,neutral,neutral","surprise,surprise,surprise,surprise,surprise,surprise,surprise,anger,neutral,neutral,neutral,surprise,surprise,neutral,surprise,surprise,surprise,neutral,neutral,neutral,neutral,neutral,surprise,neutral,neutral,neutral,neutral,neutral,surprise,neutral,surprise,neutral,anger,neutral,neutral,neutral,neutral,neutral,neutral,neutral,neutral,neutral","joy,joy,joy,joy,joy,neutral,joy,joy,joy,joy,neutral,neutral,neutral,neutral,neutral,neutral,neutral,surprise,neutral,neutral,neutral,neutral,neutral,neutral,neutral,anger,neutral,neutral,neutral,neutral,neutral,neutral,neutral,anger,anger,neutral,surprise,neutral,neutral,neutral,anger,neutral,neutral,neutral,joy,joy,joy","anger,anger,anger,anger,anger,anger,anger,anger,anger,neutral,anger,neutral,neutral,neutral,neutral,anger,neutral,neutral,anger,anger,neutral,neutral,anger,neutral,neutral,neutral,neutral,neutral,neutral,neutral,neutral,neutral,neutral,neutral,neutral,neutral,neutral,neutral,anger","joy,joy,joy,joy,joy,joy,joy,neutral,neutral,neutral,neutral,neutral,neutral,neutral,neutral,neutral,neutral,neutral,anger,neutral,neutral,neutral,neutral,neutral,neutral,anger,neutral,neutral,neutral,neutral,neutral,neutral,neutral,neutral,neutral,neutral,neutral,neutral,neutral,anger,neutral,neutral,neutral,neutral,neutral,neutral,neutral","neutral,neutral,neutral,surprise,sadness,surprise,surprise,surprise,surprise,surprise,surprise,surprise,surprise,surprise,anger,surprise,surprise,surprise,surprise,surprise,surprise,joy,surprise,surprise,surprise,surprise,surprise,surprise,surprise,surprise,surprise,surprise,surprise,surprise,surprise,surprise,surprise,surprise,surprise,surprise,neutral","neutral,anger,anger,neutral,anger,anger,anger,anger,anger,anger,anger,anger,neutral,neutral,neutral,neutral,neutral,neutral,neutral,neutral,joy,joy,surprise,sadness,neutral,neutral,neutral,neutral,neutral,neutral,neutral,neutral,neutral,neutral,neutral,neutral,neutral,neutral,neutral,neutral,neutral,neutral,neutral,neutral,neutral","neutral,neutral,neutral,neutral,neutral,neutral,neutral,neutral,neutral,neutral,neutral,neutral,neutral,neutral,sadness,sadness,neutral,neutral,neutral,neutral,neutral,neutral,anger,sadness,neutral,neutral,neutral,neutral,neutral,neutral,neutral,neutral,neutral,neutral,neutral,neutral,anger,neutral,neutral,neutral,neutral,neutral,neutral,neutral,neutral,neutral","neutral,neutral,surprise,surprise,neutral,neutral,neutral,neutral,neutral,neutral,surprise,neutral,surprise,neutral,neutral,neutral,neutral,neutral,neutral,neutral,neutral,neutral,surprise,surprise,surprise,neutral,surprise,surprise,neutral,neutral,neutral,surprise,neutral,neutral,neutral,surprise,neutral,neutral,neutral","neutral,neutral,neutral,joy,joy,neutral,neutral,neutral,neutral,neutral,neutral,neutral,neutral,neutral,neutral,neutral,neutral,neutral,neutral,neutral,neutral","neutral,neutral,neutral,neutral,surprise,neutral,neutral,surprise,neutral,neutral,neutral,neutral,surprise,neutral,neutral,surprise,neutral,surprise,surprise,neutral,neutral,neutral,neutral,neutral,neutral,neutral,neutral,neutral,neutral,neutral,neutral,neutral,neutral,neutral,neutral,neutral,neutral,neutral,neutral,neutral","neutral,joy,joy,joy,neutral,neutral,joy,joy,neutral,neutral,joy,joy,joy,joy,joy,joy,joy,joy,neutral,neutral,neutral,neutral,neutral,neutral,neutral,neutral,neutral,neutral,neutral,neutral,neutral,neutral,neutral,neutral,neutral,neutral,neutral,neutral,neutral,neutral,neutral,neutral,neutral,neutral,neutral,neutral,neutral,neutral,neutral,neutral,neutral,neutral,neutral,neutral","neutral,neutral,neutral,neutral,neutral,neutral,neutral,neutral,neutral,neutral,anger,neutral,neutral,neutral,neutral,neutral,neutral,neutral,neutral,neutral,neutral,anger,neutral,anger,anger,anger,anger,anger,neutral,neutral,neutral,neutral,anger,neutral,anger,anger,neutral,neutral,neutral,neutral,neutral,neutral,neutral","neutral,surprise,surprise,neutral,surprise,surprise,surprise,neutral,surprise,surprise,neutral,surprise,neutral,surprise,neutral,surprise,surprise,surprise,surprise,surprise,neutral,neutral,neutral,neutral,neutral,surprise,neutral,surprise,surprise,surprise,neutral,surprise,neutral,neutral,neutral,neutral,neutral,neutral,neutral,neutral,neutral,neutral,neutral,neutral,surprise,surprise","neutral,neutral,joy,joy,neutral,neutral,neutral,neutral,neutral,neutral,neutral,neutral,anger,neutral,neutral,neutral,neutral,neutral,neutral,anger,neutral,neutral,anger,anger,anger,anger,anger,anger,neutral,anger,anger,anger,anger,anger,anger,neutral,neutral,neutral,neutral,neutral,neutral","joy,joy,surprise,surprise,joy,joy,joy,joy,joy,joy,joy,joy,joy,joy,joy,joy,joy,joy,joy,joy,joy,joy,joy,joy,joy,neutral,joy,neutral,neutral,neutral,joy,anger,neutral,anger,sadness,joy,neutral,neutral,anger,joy,joy,neutral,joy,joy,joy,neutral,joy,joy,joy,joy,joy,joy,joy,joy,joy,joy","neutral,neutral,neutral,neutral,joy,joy,joy,neutral,anger,anger,neutral,neutral,neutral,anger,neutral,neutral,neutral,neutral,neutral,neutral,neutral,neutral,neutral,neutral,neutral,neutral,neutral,neutral,neutral,neutral,neutral,neutral,neutral,neutral,neutral,neutral,neutral,neutral,neutral,neutral,neutral,neutral,neutral,neutral,neutral,neutral,neutral,neutral,neutral,neutral,neutral,neutral,neutral,sadness,neutral,neutral","neutral,neutral,neutral,neutral,neutral,neutral,neutral,anger,neutral,anger,neutral,neutral,neutral,anger,anger,neutral,neutral,neutral,neutral,neutral,neutral,neutral,neutral,anger,anger,anger,anger,neutral,anger,neutral,neutral,neutral,neutral,neutral,neutral,neutral,neutral,neutral,neutral,neutral","surprise,surprise,surprise,surprise,surprise,surprise,surprise,joy,joy,neutral,neutral,anger,anger,neutral,neutral,neutral,neutral,anger,anger,neutral,surprise,surprise,surprise,sadness,neutral,neutral,anger,anger,neutral,neutral,neutral,neutral,anger,neutral,anger,anger,neutral,anger,anger,neutral,neutral,neutral,neutral,anger,neutral,neutral,neutral,neutral,neutral,surprise,surprise,surprise","neutral,neutral,surprise,neutral,neutral,joy,neutral,anger,anger,anger,anger,anger,anger,anger,anger,surprise,surprise,surprise,neutral,joy,neutral,neutral,surprise,surprise,neutral,surprise,anger,surprise,anger,neutral,anger,anger,anger,anger,anger,anger,anger,anger,anger,anger,anger,anger,neutral,surprise,neutral,neutral,neutral","joy,joy,joy,joy,joy,joy,joy,joy,joy,neutral,neutral,joy,surprise,surprise,surprise,surprise,surprise,surprise,surprise,surprise,surprise,surprise,surprise,surprise,surprise,neutral,anger,surprise,surprise,anger,surprise,anger,anger,anger,surprise,surprise,anger,anger,anger,surprise,surprise,surprise,anger,joy,joy,joy,surprise,neutral,neutral,neutral,surprise,surprise,surprise","neutral,neutral,neutral,neutral,neutral,neutral,neutral,neutral,surprise,neutral,neutral,neutral,neutral,neutral,neutral,neutral,neutral,neutral,neutral,neutral,surprise,surprise,neutral,surprise,neutral,surprise,surprise,neutral,neutral,neutral,neutral,neutral,anger,neutral,neutral,surprise,neutral,surprise,surprise,neutral",,"neutral,neutral,surprise,neutral,neutral,joy,neutral,anger,anger,anger,anger,anger,anger,anger,anger,surprise,surprise,surprise,neutral,joy,neutral,neutral,surprise,surprise,neutral,surprise,anger,surprise,anger,neutral,anger,anger,anger,anger,anger,anger,anger,anger,anger,anger,anger,anger,neutral,surprise,neutral,neutral,neutral","joy,joy,neutral,neutral,neutral,neutral,neutral,neutral,joy,neutral,joy,neutral,neutral,neutral,neutral,neutral,neutral,joy,joy,neutral,neutral,joy,joy,joy,joy,joy,joy,joy","neutral,neutral,neutral,neutral,neutral,surprise,neutral,neutral,neutral,neutral,neutral,neutral,neutral,neutral,neutral,neutral,neutral,neutral,neutral,neutral,neutral,neutral,surprise,surprise,neutral,neutral,sadness,neutral,neutral,neutral,anger,sadness,sadness,anger,anger,anger,anger,neutral,neutral,neutral,neutral,neutral,neutral","neutral,anger,neutral,anger,neutral,neutral,neutral,neutral,anger,anger,neutral,neutral,neutral,neutral,neutral,neutral,neutral,neutral,neutral,neutral,neutral,neutral,neutral,neutral,neutral,neutral,anger,anger,surprise,neutral,neutral,neutral,neutral,neutral,neutral,neutral,neutral,neutral,neutral,neutral,neutral,neutral,neutral,neutral,neutral,neutral,neutral,neutral,neutral,neutral,neutral,neutral,neutral"
de Chirico_presence,55.13,46.5,45.15,51.43,50.12,23.35,44.53,50.15,44.43,48.23,46.73,48.82,49.6,50.72,4.47,50.53,48.1,25.5,54.82,46.07,47.05,45.43,53.18,46.6,55.18,48.52,45.1,51.63,61.87,49.02,50.48,46.0,52.4,48.77,50.75,40.03,60.0,53.03,50.5,45.93,0.0,53.03,47.82,55.85,46.87
de Chirico_presence_audio,114.85,96.88,94.06,107.15,104.42,48.65,92.77,104.48,92.56,100.48,97.35,101.71,103.33,105.67,9.31,105.27,100.21,53.12,114.21,95.98,98.02,94.65,110.79,97.08,114.96,101.08,93.96,107.56,128.9,102.12,105.17,95.83,109.17,101.6,105.73,83.4,125.0,110.48,105.21,95.69,0.0,110.48,99.62,116.35,97.65
de Chirico_gaze,40.88,27.33,37.65,38.27,17.72,18.1,35.42,26.5,31.13,35.47,33.27,37.48,39.52,20.77,1.03,41.57,36.63,13.63,27.97,37.67,39.2,34.72,41.67,38.28,43.15,35.15,36.37,42.98,40.88,37.12,30.67,30.6,41.0,40.25,21.43,30.42,44.45,39.98,37.97,37.3,0.0,39.98,28.52,32.67,40.27
de Chirico_gaze_percent,74.15,58.77,83.39,74.41,35.36,77.52,79.54,52.84,70.07,73.54,71.2,76.77,79.68,40.95,23.04,82.27,76.15,53.45,51.02,81.77,83.32,76.43,78.36,82.15,78.2,72.44,80.64,83.25,66.07,75.72,60.76,66.52,78.24,82.53,42.23,75.99,74.08,75.39,75.19,81.21,0.0,75.39,59.64,58.5,85.92
de Chirico_saccade_rate,0.39,0.73,0.4,0.5,2.54,0.44,0.4,1.17,1.28,0.17,0.42,0.21,0.33,2.31,8.71,0.6,0.76,1.32,0.93,0.16,0.59,0.14,0.62,0.34,0.58,0.57,1.02,0.35,0.83,0.57,0.55,1.41,0.41,0.45,2.05,1.05,0.79,0.88,0.26,0.29,0.0,0.88,0.6,1.65,1.09
de Chirico_engagement,High Engagement,Moderate Engagement,High Engagement,High Engagement,Low Engagement,High Engagement,High Engagement,Moderate Engagement,Moderate Engagement,High Engagement,High Engagement,High Engagement,High Engagement,Low Engagement,Low Engagement,Moderate Engagement,Moderate Engagement,Moderate Engagement,Moderate Engagement,High Engagement,Moderate Engagement,High Engagement,Moderate Engagement,High Engagement,Moderate Engagement,Moderate Engagement,Moderate Engagement,High Engagement,Moderate Engagement,Moderate Engagement,Moderate Engagement,Moderate Engagement,High Engagement,High Engagement,Low Engagement,Moderate Engagement,Moderate Engagement,Moderate Engagement,High Engagement,High Engagement,High Engagement,Moderate Engagement,Moderate Engagement,Low Engagement,Moderate Engagement
de Chirico_valence,3.52,-7.76,0.02,0.0,-12.08,-6.55,0.63,15.65,4.73,8.52,-10.46,4.58,0.0,0.0,7.2,0.0,-5.07,-9.84,-5.72,0.06,-25.07,-11.22,-11.86,-8.47,-10.82,0.0,0.0,0.0,-12.04,-6.32,0.0,12.87,-27.53,8.22,-16.76,-9.62,-1.42,-5.57,5.84,-8.86,-19.64,-5.57,-2.65,2.35,0.0
de Chirico_emotions,"surprise,neutral,neutral,neutral,surprise,surprise,surprise,neutral,neutral,neutral,neutral,neutral,surprise,neutral,neutral,neutral,neutral,neutral,neutral,neutral,neutral,neutral,neutral,neutral,neutral,neutral,neutral,surprise","neutral,neutral,neutral,neutral,neutral,neutral,neutral,neutral,neutral,sadness,neutral,neutral,neutral,neutral,neutral,neutral,neutral,neutral,neutral,neutral,joy,neutral,neutral,neutral","neutral,neutral,neutral,neutral,neutral,neutral,neutral,surprise,neutral,neutral,neutral,neutral,neutral,neutral,neutral,anger,neutral,neutral,neutral,neutral,neutral,neutral,neutral","neutral,neutral,neutral,neutral,neutral,neutral,neutral,neutral,neutral,neutral,neutral,neutral,neutral,neutral,anger,neutral,surprise,surprise,neutral,neutral,neutral,neutral,neutral,neutral,neutral,neutral","neutral,neutral,neutral,anger,surprise,anger,neutral,surprise,surprise,neutral,neutral,neutral,neutral,neutral,neutral,surprise,neutral,neutral,neutral,neutral,neutral,neutral,neutral,neutral,neutral,neutral","neutral,neutral,neutral,neutral,neutral,neutral,neutral,neutral,neutral,neutral,neutral,neutral","neutral,neutral,neutral,neutral,neutral,neutral,neutral,neutral,neutral,neutral,neutral,neutral,neutral,neutral,anger,neutral,neutral,neutral,surprise,surprise,neutral,neutral,neutral","joy,joy,joy,joy,joy,joy,surprise,surprise,neutral,anger,anger,anger,anger,surprise,surprise,anger,joy,surprise,surprise,anger,anger,anger,anger,anger,joy,neutral","surprise,neutral,surprise,neutral,neutral,neutral,neutral,neutral,neutral,neutral,neutral,neutral,neutral,neutral,neutral,neutral,neutral,neutral,neutral,neutral,neutral,neutral,neutral","joy,joy,joy,neutral,neutral,neutral,neutral,neutral,neutral,neutral,neutral,neutral,neutral,neutral,neutral,neutral,neutral,neutral,neutral,neutral,neutral,neutral,neutral,neutral,neutral","neutral,neutral,neutral,neutral,neutral,neutral,neutral,neutral,neutral,neutral,neutral,neutral,neutral,neutral,neutral,neutral,neutral,neutral,neutral,neutral,neutral,neutral,neutral,neutral","anger,anger,neutral,neutral,anger,neutral,neutral,neutral,neutral,neutral,neutral,neutral,neutral,neutral,neutral,neutral,neutral,neutral,neutral,neutral,neutral,neutral,neutral,neutral,neutral","neutral,neutral,neutral,neutral,neutral,neutral,neutral,neutral,neutral,neutral,neutral,neutral,neutral,neutral,neutral,neutral,neutral,neutral,neutral,neutral,neutral,neutral,neutral,neutral,surprise","neutral,neutral,neutral,neutral,neutral,neutral,joy,neutral,neutral,neutral,neutral,neutral,neutral,neutral,neutral,neutral,neutral,neutral,neutral,neutral,neutral,neutral,neutral,neutral,neutral,neutral","joy,joy,joy","neutral,neutral,neutral,neutral,neutral,neutral,neutral,neutral,neutral,neutral,neutral,neutral,neutral,neutral,neutral,neutral,neutral,neutral,neutral,neutral,neutral,neutral,neutral,neutral,neutral,neutral","surprise,neutral,surprise,neutral,neutral,neutral,neutral,neutral,neutral,neutral,neutral,neutral,neutral,neutral,neutral,neutral,neutral,neutral,neutral,neutral,neutral,neutral,neutral,neutral,neutral","neutral,neutral,neutral,neutral,neutral,neutral,neutral,neutral,neutral,neutral,neutral,neutral,neutral","surprise,surprise,neutral,neutral,neutral,neutral,neutral,neutral,neutral,neutral,neutral,neutral,surprise,surprise,neutral,neutral,neutral,neutral,neutral,neutral,neutral,neutral,neutral,neutral,neutral,neutral,neutral,anger","surprise,surprise,neutral,anger,neutral,neutral,neutral,neutral,neutral,neutral,surprise,anger,neutral,neutral,anger,anger,anger,anger,neutral,neutral,neutral,neutral,neutral,neutral","joy,neutral,anger,neutral,neutral,neutral,neutral,anger,neutral,anger,neutral,neutral,neutral,neutral,neutral,anger,neutral,neutral,neutral,neutral,anger,anger,neutral,neutral","neutral,neutral,neutral,neutral,neutral,neutral,neutral,neutral,anger,neutral,neutral,neutral,neutral,neutral,neutral,neutral,neutral,anger,neutral,neutral,anger,neutral,neutral","neutral,neutral,neutral,neutral,neutral,neutral,neutral,neutral,neutral,neutral,neutral,neutral,neutral,neutral,neutral,neutral,neutral,neutral,neutral,neutral,neutral,neutral,neutral,neutral,neutral,neutral,neutral","surprise,surprise,surprise,surprise,surprise,surprise,surprise,surprise,surprise,surprise,surprise,surprise,surprise,surprise,surprise,surprise,surprise,surprise,surprise,surprise,surprise,surprise,surprise,neutral","neutral,neutral,neutral,neutral,neutral,neutral,neutral,neutral,neutral,neutral,neutral,neutral,neutral,neutral,neutral,anger,neutral,neutral,neutral,neutral,neutral,neutral,neutral,neutral,neutral,neutral,neutral,neutral","neutral,neutral,neutral,neutral,neutral,neutral,neutral,neutral,neutral,neutral,anger,neutral,neutral,neutral,neutral,neutral,surprise,neutral,neutral,neutral,neutral,anger,neutral,neutral,neutral","neutral,neutral,neutral,neutral,neutral,neutral,neutral,neutral,neutral,neutral,neutral,neutral,neutral,neutral,neutral,neutral,neutral,neutral,neutral,neutral,neutral,neutral,neutral","neutral,neutral,neutral,neutral,neutral,neutral,neutral,neutral,neutral,neutral,neutral,neutral,neutral,neutral,neutral,neutral,neutral,neutral,neutral,neutral,neutral,neutral,neutral,neutral,neutral,neutral","neutral,neutral,neutral,anger,sadness,sadness,sadness,sadness,joy,neutral,neutral,neutral,neutral,neutral,neutral,neutral,neutral,neutral,neutral,neutral,neutral,neutral,neutral,neutral,neutral,neutral,neutral,neutral,neutral,neutral,neutral","neutral,neutral,neutral,neutral,neutral,neutral,neutral,neutral,neutral,neutral,neutral,neutral,neutral,neutral,neutral,neutral,neutral,neutral,neutral,neutral,neutral,neutral,anger,anger,neutral","neutral,neutral,neutral,neutral,neutral,neutral,neutral,neutral,neutral,neutral,neutral,neutral,neutral,neutral,neutral,neutral,neutral,neutral,neutral,neutral,neutral,neutral,neutral,neutral,neutral,neutral","neutral,neutral,neutral,surprise,surprise,anger,neutral,neutral,neutral,neutral,neutral,neutral,neutral,neutral,neutral,neutral,neutral,surprise,surprise,neutral,neutral,surprise,neutral","neutral,neutral,neutral,neutral,neutral,neutral,neutral,neutral,neutral,neutral,neutral,neutral,neutral,neutral,neutral,neutral,anger,anger,neutral,neutral,anger,neutral,neutral,neutral,neutral,neutral,neutral","surprise,joy,neutral,neutral,joy,joy,neutral,neutral,neutral,joy,joy,joy,neutral,neutral,neutral,joy,joy,neutral,joy,joy,neutral,joy,neutral,joy,neutral","neutral,neutral,neutral,neutral,neutral,neutral,neutral,neutral,neutral,neutral,neutral,neutral,neutral,neutral,neutral,neutral,neutral,neutral,neutral,neutral,neutral,neutral,neutral,neutral,neutral,neutral","neutral,neutral,neutral,neutral,neutral,neutral,neutral,neutral,neutral,surprise,surprise,surprise,neutral,neutral,neutral,neutral,neutral,neutral,neutral,neutral,anger","neutral,neutral,neutral,neutral,neutral,neutral,neutral,neutral,neutral,anger,neutral,neutral,neutral,neutral,anger,neutral,neutral,anger,anger,neutral,neutral,anger,anger,neutral,sadness,neutral,neutral,neutral,neutral,neutral","neutral,neutral,anger,surprise,surprise,surprise,neutral,anger,anger,anger,surprise,anger,anger,anger,anger,neutral,anger,joy,joy,anger,anger,anger,anger,neutral,anger,neutral,surprise","joy,joy,neutral,neutral,surprise,neutral,surprise,surprise,surprise,neutral,neutral,neutral,surprise,neutral,surprise,surprise,neutral,neutral,surprise,neutral,surprise,anger,anger,surprise,surprise,surprise","neutral,neutral,neutral,neutral,neutral,neutral,neutral,neutral,neutral,neutral,neutral,neutral,neutral,neutral,neutral,neutral,neutral,neutral,neutral,neutral,neutral,neutral,neutral",,"neutral,neutral,anger,surprise,surprise,surprise,neutral,anger,anger,anger,surprise,anger,anger,anger,anger,neutral,anger,joy,joy,anger,anger,anger,anger,neutral,anger,neutral,surprise","joy,joy,neutral,neutral,neutral,neutral,neutral,neutral,neutral,neutral,neutral,neutral,neutral,neutral,neutral,neutral,neutral,neutral,neutral,neutral,neutral,neutral,joy,joy","surprise,surprise,surprise,neutral,neutral,neutral,surprise,surprise,neutral,neutral,neutral,neutral,anger,neutral,neutral,neutral,neutral,anger,neutral,neutral,neutral,neutral,neutral,neutral,neutral,neutral,neutral,neutral","neutral,neutral,neutral,neutral,neutral,neutral,neutral,neutral,neutral,neutral,neutral,neutral,joy,anger,surprise,neutral,neutral,neutral,neutral,neutral,neutral,neutral,neutral,neutral"
Janco_presence,82.58,69.77,57.3,113.08,61.32,48.07,68.8,69.32,60.23,75.6,74.75,67.35,63.58,90.05,59.03,77.85,45.93,114.53,69.72,103.32,74.68,76.83,81.75,64.77,84.02,70.12,61.53,78.72,67.52,74.25,85.82,66.15,70.13,74.07,67.58,63.6,86.65,80.18,67.85,69.02,0.0,80.18,65.87,73.82,67.57
Janco_presence_audio,127.05,107.34,88.15,173.97,94.34,73.95,105.85,106.65,92.66,116.31,115.0,103.62,97.82,138.54,90.82,119.77,70.66,176.2,107.26,158.95,114.89,118.2,125.77,99.65,129.26,107.88,94.66,121.11,103.88,114.23,132.03,101.77,107.89,113.95,103.97,97.85,133.31,123.35,104.38,106.18,0.0,123.35,101.34,113.57,103.95
Janco_gaze,65.52,58.87,50.23,99.95,25.57,38.13,54.27,51.68,46.57,49.33,60.95,58.42,56.58,51.0,43.9,69.48,33.67,68.65,40.83,90.13,60.82,65.37,69.07,55.97,70.95,62.57,44.92,70.77,51.58,60.53,46.97,61.05,55.38,64.77,60.53,51.7,71.23,67.05,51.37,62.13,0.0,67.05,56.38,44.65,55.53
Janco_gaze_percent,79.34,84.38,87.66,88.39,41.7,79.32,78.88,74.55,77.32,65.25,81.54,86.74,88.99,56.64,74.37,89.25,73.31,59.94,58.56,87.23,81.44,85.08,84.49,86.41,84.44,89.23,73.01,89.9,76.39,81.52,54.73,92.29,78.97,87.44,89.57,81.29,82.2,83.62,75.71,90.02,0.0,83.62,85.59,60.48,82.18
Janco_saccade_rate,1.63,0.44,1.25,0.37,2.7,1.02,1.84,0.85,1.27,0.55,0.33,1.34,0.34,2.61,3.39,0.53,1.63,1.43,1.69,0.87,1.04,0.38,0.96,0.29,0.86,0.5,1.22,0.3,0.83,0.45,2.21,0.74,1.19,2.21,0.5,1.18,0.55,1.19,0.6,0.84,0.0,1.19,0.46,1.84,2.11
Janco_engagement,Low Engagement,High Engagement,Moderate Engagement,High Engagement,Low Engagement,Moderate Engagement,Low Engagement,Moderate Engagement,Moderate Engagement,Moderate Engagement,High Engagement,Moderate Engagement,High Engagement,Low Engagement,Low Engagement,Moderate Engagement,Low Engagement,Moderate Engagement,Low Engagement,Moderate Engagement,Moderate Engagement,High Engagement,Moderate Engagement,High Engagement,Moderate Engagement,High Engagement,Moderate Engagement,High Engagement,Moderate Engagement,High Engagement,Low Engagement,Moderate Engagement,Moderate Engagement,Low Engagement,High Engagement,Moderate Engagement,Moderate Engagement,Moderate Engagement,Moderate Engagement,Moderate Engagement,High Engagement,Moderate Engagement,High Engagement,Low Engagement,Low Engagement
Janco_valence,1.82,-5.2,5.38,0.0,-13.85,-22.65,-1.83,-3.87,7.01,-5.8,-22.03,8.16,8.68,0.0,4.32,0.0,-1.79,-19.58,7.34,11.76,28.75,-20.92,0.0,2.76,0.0,0.0,-8.19,0.0,10.04,-7.59,-10.05,4.21,-19.69,-6.65,-14.59,-11.34,-14.91,-0.76,9.5,-10.02,9.48,-0.76,-3.09,-26.56,-17.44
Janco_emotions,"surprise,surprise,neutral,surprise,neutral,neutral,neutral,surprise,neutral,neutral,neutral,neutral,neutral,surprise,neutral,neutral,neutral,neutral,neutral,neutral,neutral,neutral,neutral,neutral,neutral,anger,surprise,neutral,neutral,neutral,neutral,neutral,neutral,neutral,neutral,neutral,neutral,neutral,neutral,anger,neutral,neutral","neutral,neutral,neutral,neutral,neutral,neutral,neutral,neutral,neutral,neutral,neutral,neutral,neutral,neutral,neutral,neutral,surprise,neutral,neutral,neutral,neutral,neutral,neutral,neutral,neutral,neutral,neutral,neutral,neutral,neutral,neutral,neutral,neutral,neutral,surprise","neutral,neutral,neutral,neutral,neutral,neutral,neutral,surprise,surprise,neutral,neutral,neutral,neutral,joy,neutral,neutral,neutral,neutral,neutral,neutral,neutral,neutral,neutral,neutral,neutral,neutral,neutral,neutral,neutral","neutral,anger,anger,neutral,neutral,neutral,neutral,neutral,neutral,neutral,neutral,neutral,neutral,neutral,surprise,neutral,neutral,neutral,neutral,neutral,neutral,neutral,surprise,neutral,neutral,neutral,neutral,neutral,neutral,neutral,neutral,neutral,neutral,neutral,neutral,neutral,neutral,neutral,neutral,neutral,neutral,neutral,neutral,neutral,anger,neutral,neutral,neutral,neutral,neutral,neutral,surprise,anger,neutral,neutral,neutral,neutral","neutral,anger,neutral,neutral,surprise,neutral,neutral,neutral,neutral,neutral,neutral,neutral,neutral,neutral,neutral,neutral,neutral,neutral,neutral,neutral,neutral,neutral,neutral,neutral,neutral,neutral,neutral,neutral,neutral,surprise,neutral","neutral,neutral,neutral,neutral,neutral,neutral,anger,neutral,neutral,surprise,neutral,neutral,neutral,neutral,neutral,neutral,neutral,neutral,neutral,neutral,neutral,neutral,neutral,neutral,neutral","neutral,neutral,neutral,neutral,neutral,neutral,neutral,neutral,neutral,neutral,neutral,neutral,neutral,neutral,neutral,surprise,neutral,neutral,neutral,neutral,anger,anger,neutral,neutral,neutral,neutral,neutral,neutral,neutral,neutral,neutral,sadness,surprise,neutral,neutral","joy,joy,joy,anger,surprise,joy,joy,joy,joy,joy,joy,joy,joy,joy,joy,joy,joy,joy,joy,joy,joy,joy,joy,joy,joy,joy,joy,joy,joy,joy,joy,joy,neutral,joy,surprise","surprise,surprise,neutral,surprise,neutral,surprise,neutral,neutral,surprise,surprise,surprise,surprise,neutral,neutral,neutral,neutral,neutral,neutral,neutral,neutral,surprise,surprise,neutral,neutral,neutral,neutral,neutral,neutral,neutral,neutral,surprise","joy,joy,joy,joy,joy,joy,joy,joy,neutral,neutral,neutral,neutral,neutral,neutral,neutral,neutral,neutral,neutral,neutral,neutral,neutral,neutral,neutral,neutral,neutral,neutral,neutral,neutral,neutral,neutral,neutral,neutral,neutral,neutral,neutral,anger,neutral,neutral","neutral,anger,neutral,neutral,neutral,neutral,neutral,neutral,neutral,neutral,neutral,neutral,neutral,neutral,neutral,neutral,neutral,neutral,neutral,neutral,neutral,neutral,neutral,neutral,neutral,neutral,neutral,neutral,neutral,neutral,neutral,neutral,neutral,neutral,neutral,neutral,neutral,neutral","neutral,neutral,neutral,anger,surprise,neutral,neutral,anger,neutral,neutral,neutral,anger,neutral,neutral,neutral,neutral,neutral,surprise,anger,neutral,neutral,anger,neutral,neutral,anger,neutral,neutral,neutral,surprise,neutral,anger,anger,anger,neutral","surprise,neutral,surprise,neutral,surprise,neutral,neutral,neutral,neutral,neutral,neutral,neutral,neutral,neutral,neutral,neutral,neutral,neutral,neutral,neutral,neutral,neutral,neutral,neutral,neutral,neutral,neutral,neutral,anger,joy,neutral,neutral","neutral,neutral,neutral,neutral,neutral,neutral,neutral,neutral,neutral,neutral,neutral,neutral,neutral,neutral,neutral,neutral,neutral,neutral,neutral,neutral,neutral,neutral,neutral,neutral,neutral,neutral,neutral,neutral,neutral,neutral,neutral,neutral,neutral,neutral,neutral,neutral,neutral,neutral,neutral,neutral,neutral,neutral,neutral,neutral,neutral,neutral","joy,joy,joy,joy,joy,joy,joy,joy,surprise,surprise,surprise,surprise,joy,joy,joy,joy,joy,joy,joy,joy,joy,joy,joy,joy,joy,joy,joy,joy,joy,joy","neutral,neutral,neutral,neutral,surprise,surprise,neutral,neutral,neutral,neutral,neutral,neutral,neutral,neutral,neutral,neutral,neutral,neutral,neutral,neutral,neutral,neutral,neutral,neutral,neutral,neutral,neutral,neutral,neutral,neutral,neutral,neutral,neutral,neutral,neutral,neutral,neutral,neutral,neutral","surprise,neutral,surprise,surprise,neutral,surprise,neutral,joy,joy,joy,neutral,neutral,neutral,neutral,neutral,neutral,neutral,neutral,neutral,neutral,neutral,neutral,neutral","neutral,neutral,neutral,neutral,neutral,neutral,neutral,neutral,neutral,neutral,neutral,neutral,neutral,neutral,neutral,neutral,neutral,neutral,neutral,neutral,neutral,neutral,neutral,neutral,neutral,neutral,neutral,neutral,neutral,neutral,anger,neutral,neutral,neutral,neutral,neutral,neutral,neutral,neutral,neutral,neutral,neutral,neutral,neutral,neutral,neutral,neutral,neutral,neutral,neutral,neutral,anger,neutral,joy,anger,neutral,neutral,neutral","neutral,surprise,neutral,neutral,neutral,surprise,neutral,neutral,neutral,neutral,neutral,neutral,neutral,neutral,neutral,neutral,neutral,neutral,neutral,neutral,neutral,neutral,neutral,neutral,neutral,neutral,neutral,surprise,surprise,neutral,neutral,neutral,surprise,surprise,neutral","surprise,surprise,surprise,surprise,neutral,neutral,neutral,neutral,neutral,neutral,neutral,surprise,neutral,neutral,neutral,neutral,neutral,neutral,neutral,surprise,neutral,neutral,surprise,surprise,surprise,surprise,surprise,neutral,surprise,surprise,neutral,neutral,neutral,neutral,neutral,neutral,neutral,neutral,neutral,neutral,neutral,anger,neutral,anger,anger,anger,neutral,neutral,neutral,neutral,neutral,surprise","neutral,joy,joy,joy,joy,joy,neutral,joy,joy,joy,joy,joy,joy,joy,joy,joy,surprise,joy,joy,surprise,surprise,joy,joy,joy,neutral,neutral,anger,anger,neutral,neutral,neutral,neutral,neutral,neutral,neutral,joy,anger,neutral","neutral,neutral,neutral,anger,neutral,neutral,anger,neutral,anger,neutral,neutral,neutral,neutral,neutral,neutral,neutral,neutral,neutral,neutral,neutral,neutral,neutral,neutral,neutral,neutral,neutral,neutral,neutral,neutral,neutral,neutral,neutral,neutral,neutral,neutral,neutral,neutral,neutral,neutral","joy,neutral,neutral,neutral,neutral,joy,neutral,neutral,neutral,neutral,neutral,neutral,neutral,neutral,neutral,neutral,neutral,neutral,neutral,neutral,neutral,neutral,neutral,neutral,neutral,neutral,neutral,neutral,neutral,neutral,neutral,neutral,neutral,neutral,neutral,neutral,neutral,neutral,neutral,neutral,neutral","neutral,neutral,neutral,neutral,surprise,surprise,surprise,surprise,surprise,surprise,surprise,surprise,surprise,surprise,surprise,neutral,surprise,surprise,neutral,surprise,surprise,surprise,neutral,surprise,surprise,neutral,surprise,neutral,surprise,anger,surprise,neutral,surprise","neutral,surprise,neutral,neutral,neutral,neutral,neutral,anger,anger,neutral,anger,neutral,neutral,neutral,neutral,neutral,neutral,neutral,neutral,neutral,neutral,neutral,neutral,neutral,neutral,neutral,neutral,neutral,neutral,neutral,neutral,neutral,neutral,neutral,neutral,neutral,neutral,neutral,neutral,neutral,neutral,neutral,neutral","neutral,neutral,neutral,neutral,neutral,neutral,neutral,neutral,sadness,neutral,neutral,neutral,neutral,neutral,neutral,neutral,neutral,neutral,neutral,neutral,neutral,neutral,neutral,neutral,neutral,neutral,neutral,neutral,anger,neutral,neutral,neutral,neutral,neutral,neutral,neutral","neutral,neutral,neutral,neutral,neutral,neutral,neutral,neutral,neutral,neutral,neutral,neutral,neutral,neutral,neutral,neutral,neutral,neutral,neutral,neutral,neutral,neutral,neutral,neutral,neutral,neutral,neutral,neutral,neutral,neutral,neutral","neutral,neutral,neutral,neutral,neutral,neutral,neutral,neutral,neutral,neutral,neutral,neutral,neutral,neutral,neutral,neutral,neutral,neutral,neutral,neutral,neutral,neutral,neutral,neutral,neutral,neutral,neutral,neutral,neutral,neutral,neutral,neutral,neutral,neutral,neutral,neutral,neutral,neutral,neutral,neutral","neutral,neutral,neutral,neutral,neutral,neutral,neutral,neutral,neutral,neutral,neutral,neutral,surprise,neutral,neutral,neutral,neutral,neutral,neutral,neutral,neutral,neutral,surprise,surprise,neutral,neutral,neutral,neutral,neutral,neutral,neutral,neutral,neutral,neutral","neutral,neutral,neutral,neutral,neutral,neutral,neutral,neutral,neutral,neutral,neutral,neutral,neutral,neutral,neutral,neutral,neutral,neutral,surprise,surprise,neutral,neutral,neutral,neutral,neutral,neutral,neutral,neutral,neutral,neutral,neutral,neutral,neutral,neutral,neutral,neutral,neutral,neutral","neutral,neutral,neutral,neutral,neutral,neutral,neutral,neutral,neutral,neutral,neutral,neutral,neutral,neutral,neutral,neutral,neutral,neutral,neutral,neutral,neutral,neutral,neutral,neutral,neutral,neutral,neutral,neutral,neutral,neutral,neutral,neutral,neutral,neutral,neutral,neutral,sadness,neutral,neutral,neutral,neutral,surprise,surprise","surprise,surprise,surprise,surprise,surprise,neutral,surprise,neutral,neutral,surprise,neutral,neutral,neutral,neutral,surprise,neutral,neutral,neutral,neutral,surprise,neutral,neutral,neutral,neutral,neutral,neutral,neutral,neutral,neutral,surprise,neutral,neutral,neutral,surprise","neutral,neutral,neutral,neutral,neutral,neutral,neutral,neutral,neutral,neutral,neutral,neutral,neutral,neutral,neutral,neutral,neutral,neutral,neutral,neutral,neutral,neutral,neutral,neutral,neutral,neutral,neutral,neutral,neutral,neutral,neutral,neutral,neutral,neutral,neutral,anger","joy,joy,joy,joy,joy,joy,joy,neutral,neutral,neutral,neutral,neutral,neutral,joy,joy,neutral,neutral,neutral,neutral,joy,joy,joy,joy,neutral,neutral,joy,joy,joy,joy,joy,joy,joy,joy,joy,neutral,neutral,neutral,neutral","neutral,neutral,neutral,neutral,neutral,neutral,neutral,neutral,neutral,neutral,neutral,neutral,neutral,neutral,neutral,neutral,neutral,neutral,neutral,neutral,neutral,neutral,neutral,neutral,neutral,neutral,neutral,neutral,neutral,neutral,neutral,neutral,neutral,neutral","neutral,neutral,neutral,neutral,neutral,neutral,anger,neutral,surprise,surprise,neutral,surprise,surprise,neutral,neutral,neutral,surprise,anger,neutral,neutral,anger,anger,neutral,neutral,neutral,neutral,neutral,neutral,neutral,neutral,neutral,neutral","neutral,neutral,neutral,surprise,surprise,surprise,surprise,neutral,surprise,neutral,neutral,neutral,neutral,surprise,neutral,surprise,neutral,neutral,neutral,neutral,neutral,neutral,neutral,neutral,neutral,neutral,neutral,neutral,neutral,anger,neutral,neutral,neutral,neutral,neutral,neutral,surprise,neutral,neutral,anger,surprise,anger,anger,surprise","neutral,surprise,neutral,neutral,surprise,surprise,surprise,neutral,neutral,surprise,surprise,neutral,neutral,neutral,neutral,neutral,neutral,neutral,neutral,neutral,sadness,neutral,neutral,joy,joy,anger,anger,anger,anger,anger,anger,surprise,surprise,neutral,anger,anger,anger,neutral,anger,neutral,surprise","joy,surprise,joy,joy,joy,joy,joy,surprise,neutral,surprise,surprise,neutral,joy,neutral,surprise,neutral,neutral,neutral,neutral,neutral,neutral,neutral,surprise,surprise,surprise,neutral,neutral,neutral,surprise,neutral,surprise,neutral,neutral,neutral","surprise,surprise,surprise,neutral,neutral,neutral,neutral,neutral,neutral,neutral,neutral,neutral,neutral,neutral,neutral,neutral,neutral,neutral,neutral,neutral,neutral,neutral,neutral,neutral,neutral,sadness,neutral,neutral,neutral,neutral,neutral,neutral,neutral,neutral,neutral",,"neutral,surprise,neutral,neutral,surprise,surprise,surprise,neutral,neutral,surprise,surprise,neutral,neutral,neutral,neutral,neutral,neutral,neutral,neutral,neutral,sadness,neutral,neutral,joy,joy,anger,anger,anger,anger,anger,anger,surprise,surprise,neutral,anger,anger,anger,neutral,anger,neutral,surprise","neutral,joy,joy,joy,neutral,neutral,neutral,neutral,neutral,neutral,neutral,neutral,neutral,neutral,neutral,neutral,neutral,neutral,neutral,neutral,anger,neutral,neutral,anger,anger,neutral,neutral,neutral,neutral,anger,neutral,neutral,anger","neutral,neutral,surprise,surprise,surprise,surprise,neutral,neutral,neutral,neutral,neutral,neutral,neutral,neutral,neutral,neutral,neutral,neutral,neutral,neutral,neutral,surprise,surprise,surprise,neutral,neutral,neutral,neutral,neutral,neutral,surprise,sadness,sadness,sadness,sadness,sadness,neutral","neutral,anger,neutral,neutral,neutral,neutral,neutral,neutral,neutral,surprise,surprise,neutral,neutral,neutral,neutral,neutral,neutral,neutral,neutral,neutral,neutral,neutral,neutral,neutral,neutral,neutral,surprise,neutral,neutral,neutral,neutral,neutral,neutral,neutral"
Picasso_presence,58.1,59.12,54.7,13.37,51.05,55.93,54.33,56.68,53.85,55.97,25.02,57.0,19.22,62.75,4.5,58.47,26.33,14.47,30.35,56.22,58.75,57.92,53.75,58.87,59.1,57.03,56.53,49.18,57.18,60.42,66.43,55.12,58.47,64.27,59.05,20.98,52.28,65.7,57.12,65.83,0.0,65.7,57.75,58.88,56.25
Picasso_presence_audio,96.83,98.53,91.17,22.28,85.08,93.22,90.55,94.47,89.75,93.28,41.7,95.0,32.03,104.58,7.5,97.45,43.88,24.12,50.58,93.7,97.92,96.53,89.58,98.12,98.5,95.05,94.22,81.97,95.3,100.7,110.72,91.87,97.45,107.12,98.42,34.97,87.13,109.5,95.2,109.72,0.0,109.5,96.25,98.13,93.75
Picasso_gaze,45.32,51.12,50.0,10.27,36.33,47.05,44.6,45.12,45.85,47.22,20.77,51.05,9.08,32.87,0.52,56.17,24.27,11.3,15.32,39.17,52.77,55.58,49.78,54.18,54.13,52.47,43.15,46.35,35.07,57.23,35.43,49.82,53.65,56.7,54.43,18.85,36.95,59.53,40.67,57.1,0.0,59.53,52.95,28.25,45.45
Picasso_gaze_percent,78.0,86.47,91.41,76.81,71.17,84.12,82.09,79.6,85.14,84.37,83.01,89.56,47.24,52.38,11.56,96.07,92.18,78.09,50.48,69.67,89.82,95.96,92.61,92.03,91.59,92.0,76.33,94.25,61.33,94.72,53.33,90.38,91.76,88.22,92.18,89.85,70.68,90.61,71.2,86.74,0.0,90.61,91.69,47.98,80.8
Picasso_saccade_rate,0.73,0.33,0.36,1.75,0.83,0.6,0.52,0.55,1.0,0.17,0.24,0.08,0.99,1.31,1.94,0.25,0.33,0.88,1.18,1.1,0.59,0.04,0.66,0.3,0.37,0.19,0.81,0.24,0.66,0.51,1.83,0.5,0.06,0.76,0.2,2.39,0.97,0.39,0.25,0.39,0.0,0.39,0.7,1.63,0.99
Picasso_engagement,Moderate Engagement,High Engagement,High Engagement,Low Engagement,Moderate Engagement,Moderate Engagement,Moderate Engagement,Moderate Engagement,Moderate Engagement,High Engagement,High Engagement,High Engagement,Moderate Engagement,Moderate Engagement,Low Engagement,High Engagement,High Engagement,Moderate Engagement,Moderate Engagement,Moderate Engagement,Moderate Engagement,High Engagement,Moderate Engagement,High Engagement,High Engagement,High Engagement,Moderate Engagement,High Engagement,Moderate Engagement,Moderate Engagement,Low Engagement,High Engagement,High Engagement,Moderate Engagement,High Engagement,Low Engagement,Moderate Engagement,High Engagement,High Engagement,High Engagement,High Engagement,High Engagement,Moderate Engagement,Low Engagement,Moderate Engagement
Picasso_valence,-8.51,14.05,0.19,6.56,-15.68,6.48,-11.04,-11.45,5.18,5.86,-19.7,-2.96,0.0,0.0,12.22,0.0,-11.88,-12.1,9.93,0.12,-12.43,-20.01,0.0,-8.08,-15.31,0.0,-8.91,0.0,-7.08,0.0,0.0,-9.57,-18.15,9.14,-17.06,-1.25,-3.3,-21.65,0.9,-0.84,7.2,-21.65,1.72,-16.77,-24.68
Picasso_emotions,"surprise,surprise,neutral,neutral,neutral,neutral,neutral,neutral,neutral,neutral,neutral,neutral,neutral,neutral,neutral,neutral,neutral,neutral,neutral,neutral,neutral,neutral,neutral,neutral,neutral,neutral,neutral,neutral,neutral,neutral","neutral,joy,neutral,neutral,neutral,neutral,neutral,neutral,neutral,neutral,anger,neutral,neutral,anger,anger,neutral,neutral,neutral,neutral,neutral,neutral,neutral,neutral,neutral,neutral,neutral,neutral,neutral,neutral,neutral","neutral,neutral,surprise,surprise,neutral,surprise,surprise,neutral,neutral,surprise,neutral,neutral,neutral,neutral,surprise,surprise,neutral,neutral,neutral,neutral,neutral,neutral,neutral,neutral,neutral,neutral,neutral,neutral","neutral,neutral,neutral,neutral,neutral,neutral,neutral","neutral,neutral,neutral,neutral,neutral,anger,neutral,neutral,neutral,neutral,neutral,neutral,neutral,neutral,neutral,neutral,neutral,anger,neutral,neutral,neutral,neutral,neutral,neutral,neutral,neutral","neutral,neutral,neutral,anger,neutral,neutral,neutral,neutral,neutral,neutral,neutral,neutral,neutral,neutral,neutral,neutral,anger,neutral,neutral,anger,neutral,neutral,neutral,neutral,neutral,neutral,neutral,neutral","neutral,neutral,neutral,neutral,anger,neutral,neutral,surprise,neutral,neutral,neutral,neutral,neutral,surprise,surprise,surprise,surprise,surprise,neutral,neutral,neutral,neutral,neutral,neutral,anger,anger,neutral,neutral","neutral,joy,joy,joy,joy,joy,joy,joy,joy,joy,joy,joy,joy,joy,joy,joy,joy,joy,joy,joy,surprise,surprise,surprise,surprise,surprise,sadness,joy,surprise,surprise","neutral,surprise,neutral,neutral,neutral,neutral,surprise,neutral,neutral,neutral,neutral,neutral,neutral,neutral,neutral,neutral,neutral,neutral,neutral,neutral,neutral,neutral,neutral,neutral,neutral,neutral,neutral","neutral,neutral,neutral,neutral,neutral,neutral,neutral,neutral,neutral,neutral,neutral,neutral,neutral,neutral,neutral,neutral,neutral,neutral,neutral,neutral,neutral,neutral,neutral,neutral,neutral,neutral,neutral,neutral","neutral,neutral,neutral,neutral,neutral,neutral,neutral,neutral,neutral,neutral,neutral,neutral,neutral","neutral,neutral,neutral,neutral,neutral,neutral,neutral,neutral,surprise,anger,anger,neutral,neutral,neutral,neutral,anger,neutral,neutral,neutral,neutral,neutral,neutral,surprise,neutral,neutral,neutral,anger,neutral,neutral","neutral,neutral,neutral,neutral,neutral,neutral,neutral,neutral,neutral,neutral","neutral,neutral,neutral,neutral,neutral,neutral,neutral,neutral,neutral,neutral,neutral,neutral,neutral,neutral,neutral,neutral,neutral,neutral,neutral,neutral,neutral,neutral,neutral,neutral,neutral,neutral,neutral,neutral,neutral,neutral,neutral,neutral","joy,joy,joy","neutral,neutral,neutral,neutral,neutral,neutral,neutral,neutral,neutral,neutral,neutral,neutral,neutral,neutral,neutral,neutral,neutral,neutral,neutral,neutral,neutral,neutral,neutral,neutral,neutral,neutral,neutral,neutral,neutral,neutral","neutral,neutral,neutral,neutral,neutral,neutral,neutral,neutral,neutral,neutral,neutral,neutral,neutral,joy","neutral,neutral,neutral,neutral,neutral,neutral,neutral,neutral","surprise,neutral,neutral,neutral,neutral,neutral,neutral,neutral,neutral,neutral,neutral,surprise,surprise,neutral,neutral,neutral","neutral,surprise,neutral,neutral,neutral,neutral,neutral,surprise,surprise,surprise,surprise,neutral,surprise,surprise,neutral,anger,neutral,neutral,anger,neutral,surprise,anger,anger,anger,anger,anger,neutral,neutral,neutral","neutral,anger,anger,neutral,anger,neutral,neutral,joy,joy,joy,neutral,neutral,neutral,neutral,anger,neutral,neutral,neutral,neutral,neutral,neutral,neutral,neutral,anger,neutral,neutral,neutral,sadness,neutral,anger","neutral,neutral,neutral,neutral,neutral,neutral,neutral,neutral,neutral,neutral,neutral,neutral,neutral,neutral,neutral,anger,neutral,neutral,anger,anger,anger,anger,anger,anger,anger,neutral,neutral,neutral,neutral","neutral,neutral,neutral,neutral,neutral,neutral,neutral,neutral,neutral,surprise,surprise,neutral,neutral,neutral,neutral,neutral,neutral,neutral,neutral,neutral,neutral,neutral,neutral,neutral,neutral,neutral,joy","neutral,surprise,sadness,neutral,neutral,neutral,surprise,surprise,surprise,surprise,surprise,surprise,surprise,surprise,surprise,surprise,surprise,surprise,surprise,surprise,surprise,surprise,surprise,surprise,surprise,surprise,neutral,neutral,surprise,surprise","neutral,neutral,neutral,neutral,neutral,neutral,neutral,neutral,neutral,neutral,neutral,neutral,neutral,neutral,neutral,neutral,neutral,neutral,neutral,neutral,neutral,neutral,neutral,neutral,neutral,neutral,neutral,neutral,neutral,neutral","neutral,neutral,neutral,neutral,neutral,neutral,neutral,neutral,neutral,neutral,neutral,neutral,neutral,neutral,neutral,neutral,neutral,neutral,neutral,neutral,neutral,neutral,neutral,neutral,neutral,neutral,neutral,neutral,neutral","neutral,neutral,neutral,neutral,neutral,neutral,neutral,neutral,neutral,neutral,neutral,neutral,neutral,neutral,neutral,neutral,neutral,neutral,anger,neutral,neutral,sadness,anger,surprise,neutral,neutral,neutral,neutral,neutral","neutral,neutral,neutral,neutral,neutral,neutral,neutral,neutral,neutral,neutral,neutral,neutral,neutral,neutral,surprise,neutral,neutral,neutral,neutral,neutral,neutral,neutral,neutral,neutral,neutral","neutral,neutral,neutral,neutral,neutral,neutral,neutral,neutral,neutral,neutral,neutral,neutral,neutral,surprise,neutral,neutral,neutral,neutral,neutral,neutral,neutral,neutral,neutral,neutral,neutral,neutral,neutral,neutral,neutral","neutral,neutral,neutral,neutral,neutral,neutral,neutral,neutral,neutral,neutral,neutral,neutral,neutral,neutral,neutral,neutral,neutral,neutral,neutral,neutral,neutral,neutral,neutral,neutral,neutral,neutral,neutral,neutral,neutral,neutral,neutral","neutral,neutral,neutral,neutral,neutral,neutral,neutral,neutral,neutral,neutral,neutral,neutral,neutral,neutral,neutral,anger,anger,neutral,neutral,neutral,neutral,neutral,neutral,neutral,neutral,neutral,neutral,neutral,neutral,neutral,neutral,anger,anger,surprise","neutral,neutral,neutral,surprise,neutral,neutral,neutral,neutral,neutral,neutral,anger,surprise,anger,neutral,anger,neutral,neutral,neutral,neutral,neutral,neutral,neutral,neutral,neutral,neutral,neutral,neutral,neutral","neutral,neutral,neutral,neutral,neutral,neutral,neutral,neutral,neutral,neutral,neutral,neutral,neutral,neutral,anger,neutral,neutral,neutral,neutral,anger,anger,anger,neutral,neutral,neutral,neutral,neutral,neutral,neutral,neutral","joy,joy,joy,joy,joy,neutral,joy,joy,joy,joy,joy,joy,joy,joy,joy,joy,joy,anger,anger,joy,joy,joy,joy,anger,anger,anger,anger,neutral,joy,joy,joy,joy,neutral","neutral,anger,neutral,neutral,neutral,neutral,neutral,neutral,neutral,neutral,neutral,neutral,neutral,neutral,neutral,neutral,neutral,neutral,neutral,neutral,neutral,neutral,neutral,neutral,neutral,neutral,neutral,neutral,neutral,neutral","neutral,neutral,neutral,neutral,neutral,neutral,neutral,neutral,neutral,surprise,neutral","neutral,anger,sadness,anger,anger,anger,neutral,anger,neutral,neutral,sadness,surprise,neutral,sadness,sadness,surprise,surprise,neutral,neutral,anger,sadness,neutral,anger,anger,anger,anger,neutral","neutral,anger,surprise,neutral,anger,neutral,neutral,joy,surprise,anger,anger,anger,anger,surprise,surprise,neutral,anger,anger,anger,anger,neutral,neutral,neutral,neutral,neutral,neutral,neutral,neutral,neutral,surprise,surprise,neutral,neutral","neutral,anger,anger,surprise,surprise,neutral,neutral,surprise,surprise,surprise,surprise,surprise,surprise,surprise,surprise,neutral,surprise,neutral,neutral,surprise,anger,anger,anger,joy,joy,anger,surprise,neutral,neutral","surprise,neutral,neutral,neutral,surprise,neutral,neutral,neutral,neutral,neutral,neutral,neutral,neutral,neutral,neutral,neutral,neutral,neutral,neutral,neutral,neutral,neutral,neutral,neutral,surprise,neutral,neutral,neutral,neutral,neutral,neutral,neutral,neutral",,"neutral,anger,surprise,neutral,anger,neutral,neutral,joy,surprise,anger,anger,anger,anger,surprise,surprise,neutral,anger,anger,anger,anger,neutral,neutral,neutral,neutral,neutral,neutral,neutral,neutral,neutral,surprise,surprise,neutral,neutral","neutral,neutral,neutral,neutral,neutral,neutral,neutral,neutral,neutral,neutral,neutral,neutral,neutral,neutral,neutral,neutral,neutral,neutral,neutral,neutral,neutral,neutral,neutral,neutral,joy,neutral,neutral,neutral,joy","neutral,neutral,neutral,neutral,neutral,neutral,neutral,neutral,neutral,neutral,neutral,neutral,neutral,anger,anger,neutral,neutral,neutral,neutral,neutral,neutral,neutral,neutral,neutral,neutral,neutral,neutral,neutral,neutral,neutral","neutral,neutral,neutral,neutral,neutral,neutral,neutral,neutral,neutral,neutral,neutral,neutral,neutral,neutral,neutral,neutral,neutral,neutral,anger,neutral,neutral,neutral,neutral,neutral,neutral,neutral,neutral,neutral,neutral"
